id,order_id,amount,payment_method,recorded_at,manager_id,edited_by,edited_at,deleted_by,deleted_at,notes
004f845e-7937-47a8-b8f3-ede87f2ac3db,92ecfbdb-2247-4938-8a3e-c55e724e13b9,4100,cash,2026-01-31 14:50:50.271+00,65584891-c44e-4b9e-b930-75a2d9cf0ea2,,,,,
00d7bba1-5616-4374-81fa-4222d31a817d,ea388d6b-8cbe-4839-bcf6-e61a54b366e7,2000,cash,2026-01-30 09:55:46.908656+00,,,,,,
00e37cf6-6f9f-484b-8aa6-0124081992b3,8d19aef8-85dd-4b19-b358-9661f224b12b,6500,cash,2026-02-10 11:48:25.172824+00,,,,,,
01eb3d33-2e76-4bca-9d51-ef62fe9da8fc,61e1dc0e-95b1-4631-bfe0-140cb723735d,2000,cash,2026-06-23 07:37:44.763173+00,,,,,,
02266804-e308-44a2-96cd-b4f1b8c0dd67,054e15de-3733-4e03-99b2-a994b362f130,1850,cash,2026-05-29 15:45:00.836126+00,,,,,,
02465e56-99e3-4eff-8ceb-4220e6159910,3482afba-01bc-4a9d-acda-11a75f11148a,1750,cash,2026-03-24 12:34:16.980547+00,,,,,,
02df3e0b-46d6-4ac6-9284-bd32fcd330af,6d7e80df-88e8-4f9f-a575-eb73b16b188e,2250,cash,2026-06-20 09:03:26.16188+00,,,,,,
0307f60d-2ea0-4f86-88f1-436c6969b480,80de5f40-2116-4c13-91fe-b4e36f63e827,3500,cash,2026-02-09 08:16:50.474988+00,,,,,,
03671130-a599-4121-b42d-945fc0e76c3f,a40235af-9568-4d59-9ead-9cd613a6c9f2,2300,cash,2026-02-20 13:29:06.843+00,65584891-c44e-4b9e-b930-75a2d9cf0ea2,,,,,
03a32987-ee43-413d-86d3-f37ec1ff1312,fa720a5c-efca-48f8-a1e8-ede9c79c52b0,2100,cash,2026-06-26 16:03:32.315+00,65584891-c44e-4b9e-b930-75a2d9cf0ea2,,,,,
03c94e5d-282d-412d-ae77-63c3f813ca89,ac8c5685-79b7-4431-bcb6-b8bbe2a5ef01,3700,cash,2026-03-28 06:14:11.76923+00,,,,,,
03d6c711-ee4b-419a-b58d-70967072dabe,77c255a0-3976-437b-8615-da325d350b88,2000,cash,2026-04-14 07:53:33.635029+00,,,,,,
0462a489-658d-40e1-b80f-95959715d24b,b6e3899c-1998-4527-8aa0-d70b3256c0e7,3700,cash,2026-06-23 12:34:09.268587+00,,,,,,
048dc39a-633c-4946-b429-54354348d2ca,079030b9-cd99-434b-8980-c536f1fbff82,8725,cash,2026-06-02 14:51:02.673516+00,,,,,,
04d4ba54-d398-42bf-8278-05dfe78388a1,2a01f1d7-4a6d-4389-a151-47b2c25403e2,1850,cash,2026-04-16 08:17:11.159189+00,,,,,,
04f4ba25-08fd-433b-ba1c-93cd774c6a93,f2691492-ea8c-4b55-8319-fe0aa82c09d5,2000,cash,2026-01-24 14:51:16.572693+00,,,,,,
054771ae-c101-4c35-8e95-294df922a199,29bd86d7-611d-41ab-bd1e-9b9fc41d5797,8700,cash,2026-06-27 15:07:18.216131+00,,,,,,
055fbb79-076a-4f23-baee-2bd3c75029e3,88c99709-07da-47d8-9976-71e776424619,3700,cash,2026-05-30 09:59:06.373899+00,,,,,,
05c8dcce-d3da-4b0e-af72-4edd1d17aa16,2b490617-11c3-4aa7-857f-ec9437354b60,3600,cash,2026-02-21 11:58:57.39+00,65584891-c44e-4b9e-b930-75a2d9cf0ea2,,,,,
064a386e-6461-45c7-be37-44f5a53ae634,92ecfbdb-2247-4938-8a3e-c55e724e13b9,4100,cash,2026-01-29 09:41:26.964289+00,,,,65584891-c44e-4b9e-b930-75a2d9cf0ea2,2026-02-26 10:42:00.469+00,
06cef844-952a-4865-9711-3105d9d48bd5,89b59b57-aa1b-4ee7-9edc-bf580b89b3db,2450,cash,2026-06-23 09:33:16.083012+00,,,,,,
06ea4475-6b59-43f3-b197-fc3e5272f67e,ea3d6785-b3f6-4a28-84a6-f5c8c9cfafee,2250,cash,2026-05-29 10:07:28.043657+00,,,,,,
07830017-42be-4737-86a8-12acc2fd9fcc,4f842ed5-049c-4760-a148-0f6e7a9fd388,4700,cash,2026-06-10 10:18:03.13826+00,,,,,,
07b5be96-21d3-4034-b872-c0e5edfab572,7cd6c67b-7f77-4f33-878f-34d083f3d4a0,1750,cash,2026-05-16 11:44:09.915+00,65584891-c44e-4b9e-b930-75a2d9cf0ea2,,,,,
0825f230-80dc-4232-be00-5c9d05746756,88f41f16-f715-4575-9f95-dd0685dfd8eb,1850,cash,2026-06-10 15:58:59.613+00,65584891-c44e-4b9e-b930-75a2d9cf0ea2,,,,,
08431b9c-5b5a-4f8d-a1fb-985311d4147a,f907fe28-822b-4ae6-b536-ca40d46f5eb3,1850,cash,2026-06-17 13:42:16.838+00,65584891-c44e-4b9e-b930-75a2d9cf0ea2,,,,,
0855d335-c847-4898-b715-5cd97a50c8d8,0e9eb187-a964-4ff0-b11b-763b66f5310a,3700,cash,2026-04-18 14:21:12.152792+00,,,,,,
08c5fc6e-f02e-43b3-8333-2104a0645b5b,a37e94b7-4cce-432f-b938-782fe963a7eb,4200,cash,2026-06-17 10:31:09.963472+00,,,,,,
091a9200-4104-4f08-ab55-eab189f875c0,f48a91fd-23bd-4163-8062-710857a88633,1850,cash,2026-05-21 09:45:01.347015+00,,,,,,
0a2561e6-23b2-4bb2-8445-3810fdeb9871,5c5d5520-c83e-4249-8022-58094bf80794,3500,cash,2026-02-13 07:37:45.094+00,65584891-c44e-4b9e-b930-75a2d9cf0ea2,,,,,
0a3d01e4-11fd-42bf-a85c-3e78344473c2,7b83db63-5fbc-4d0e-9c4c-718a38a89ff8,2500,cash,2026-06-11 14:25:08.444556+00,,,,,,
0b9e7ed5-5efd-4477-8aad-549b0f545595,035a0b87-5e0a-4747-ab10-096701774729,1850,cash,2026-02-09 06:46:53.589974+00,,,,,,
0c6aeef1-7b43-4ffb-ab1f-7d9e233ee674,8d7a8a39-3bbf-46f0-8db8-6399b0419819,3000,cash,2026-04-18 11:46:32.956962+00,,,,,,
0c7a1ba9-dcb7-4542-be27-2187cad3606c,ee15ed87-711d-45bf-af52-76c54f841d9a,2000,cash,2026-02-05 08:55:17.085947+00,,,,,,
0c896664-9ab0-4536-9ca0-47e0abe405b5,92ecfbdb-2247-4938-8a3e-c55e724e13b9,4100,cash,2026-01-31 14:51:08.734+00,65584891-c44e-4b9e-b930-75a2d9cf0ea2,,,,,
0c928ea6-e9d7-4430-a705-7bb8e1ab1a95,52161fcb-317a-41e1-9f97-70261385b36c,1500,cash,2026-02-16 10:38:23.608+00,65584891-c44e-4b9e-b930-75a2d9cf0ea2,,,,,
0d037416-0b6c-47c9-b318-267f0205cd66,0ababa08-aa34-4744-b19a-853ffaa48a3a,2500,cash,2026-06-17 13:00:53.66713+00,,,,,,
0d6d9da6-c35c-4532-843c-59cdcca2e33b,62434a1b-0461-461b-a378-53c38af5ba05,1850,cash,2026-02-11 08:30:53.32357+00,,,,,,
0da67f74-b57f-41f6-af59-f069bd9a7454,229ce27a-279c-45e7-acce-e657728c7771,2000,cash,2026-03-31 09:42:28.441934+00,,,,,,
0dd1bdec-a7f5-48cb-a7e1-a275eb487afd,376209e8-9c96-41be-a0bc-28dd883cc40a,500,cash,2026-06-29 10:54:34.301+00,65584891-c44e-4b9e-b930-75a2d9cf0ea2,,,,,
0de639d4-51bc-4117-9624-ec7a7801959e,e99e4999-929b-48c2-820f-337864586030,7200,cash,2026-04-03 08:08:45.355691+00,,,,,,
0e1a6bcf-8b77-4cb0-bc76-dc5afef0758c,c9867a7f-463c-4172-b188-e7c396d5f791,2000,cash,2026-05-02 13:44:16.774161+00,,,,,,
0e3c58b1-b8cd-4acd-ad5f-62063490a58d,05cd7b36-cbee-4fa3-aed9-bfbc42d61c6e,2000,cash,2026-06-30 15:17:56.545562+00,,,,,,
0e9593b7-28e0-4a13-91d8-8a1f07bfe539,55e127ad-33e3-4e8b-a119-f3a0db1c5fd4,1850,cash,2026-05-09 09:50:33.096173+00,,,,,,
0fd0084a-f224-4e54-9fe3-94a92ee93887,211ddf87-cbc7-4b08-a9f8-5c016a1ac3df,4500,cash,2026-04-06 09:51:10.647215+00,,,,,,
10995ed3-18c2-4260-b1f3-e11dfd40c016,fb79ebce-ed8a-41a8-ada9-e12d3076f320,4600,cash,2026-04-16 09:37:29.742+00,65584891-c44e-4b9e-b930-75a2d9cf0ea2,,,,,
119f12da-0994-4447-bf38-62019843f9d4,48c2ed03-5414-4c24-9857-a8ed17c044df,3500,cash,2026-05-14 15:21:52.115051+00,,,,,,
12364b07-d55e-4199-97b7-0eb66f7fb7d2,9be5eead-6777-4870-b0bf-6ed9a569d97f,3400,cash,2026-05-22 12:22:29.737+00,65584891-c44e-4b9e-b930-75a2d9cf0ea2,,,,,
133e6c1e-8e9e-4633-88fd-ae66e67cb2b1,105b4470-aad5-4220-a3bb-2913fcff7fb5,1600,cash,2026-06-19 12:36:55.621608+00,,,,,,
1385a658-3fc5-430a-b70c-8e4b52657c10,bc73605a-df11-49ee-bc70-b23c8a193f00,1850,cash,2026-04-14 15:52:01.21885+00,,,,,,
13a3dc8d-85c7-4f33-80ee-ae619091482d,437b69fd-69ed-4ddb-ad56-4e22e0ee49a4,500,cash,2026-05-23 14:30:25.229+00,65584891-c44e-4b9e-b930-75a2d9cf0ea2,,,,,
13c54500-e06f-40ac-96f9-253f4b64bcad,3fef6309-97f9-4786-ab66-734ce3fd7d7e,1800,cash,2026-05-04 09:40:51.739716+00,,,,,,
1423ab07-64b8-4218-94d3-08a4ed61799c,625dca75-715a-42dc-a5d1-8633048ec197,4000,cash,2026-03-05 14:40:28.368324+00,,,,,,
149c7885-8b38-4307-a255-8263ce5b9bac,8f6f90d1-71e3-41d1-94cf-8380f293a753,1500,cash,2026-04-11 09:32:32.259481+00,,,,,,
15af26ef-bf37-4c09-9b8b-1ba0ca9ccca1,04ac11e0-f980-430f-b891-ef0c764c4c6e,1700,cash,2026-04-09 13:13:22.606+00,65584891-c44e-4b9e-b930-75a2d9cf0ea2,,,,,
16983ac0-629d-48b4-949e-bd3e27727c8f,b106bf8a-f444-497e-9a28-e51c0584de02,1850,cash,2026-02-16 16:21:58.865+00,65584891-c44e-4b9e-b930-75a2d9cf0ea2,,,,,
1783327a-472f-4c19-a47e-96808a2db881,e6cd6425-1b1e-48ad-9ce1-f011b42700b8,1850,cash,2026-05-30 10:31:46.467+00,65584891-c44e-4b9e-b930-75a2d9cf0ea2,,,,,
17b618af-c175-4133-bcaa-d46ea182ea6d,fbfffea4-6630-4551-bde1-39d21774d2cb,7450,cash,2026-06-09 12:15:04.114035+00,,,,,,
17d4ef0b-9405-4bbd-bf19-4ff3bb976112,73c4746c-db36-44c2-89b1-fef3ed896943,1700,cash,2026-04-16 14:19:18.989+00,65584891-c44e-4b9e-b930-75a2d9cf0ea2,,,,,
1889b9de-a090-4b81-85c5-cfa7678223b4,19781198-57d6-42d0-ac22-3c7ab36b0172,1700,cash,2026-06-16 12:22:12.61512+00,,,,,,
18e71933-6ac9-4b80-b0c0-692d7226fc02,37a9d214-5b59-4dc3-8002-cc842a7d59da,1850,cash,2026-04-02 06:41:32.135+00,65584891-c44e-4b9e-b930-75a2d9cf0ea2,,,,,
19a006b3-55ff-4bae-9577-f2a500432f30,60013079-a55d-4155-8e3b-af2da332ced8,1500,cash,2026-04-08 07:02:03.625612+00,,,,,,
19a4c6fc-546f-4a9e-927f-c1a7470db9dd,dca13654-fd66-45be-bbef-6831d6f3839e,5450,cash,2026-05-07 11:21:30.246164+00,,,,,,
1b8010a0-5840-44a1-a4cf-84d8c36d2830,34ede3e6-03ad-4998-a845-4e956d4049ac,1750,cash,2026-03-12 15:20:42.033+00,65584891-c44e-4b9e-b930-75a2d9cf0ea2,,,,,
1b97fb66-9a1d-40bf-afa7-7e660e7275fd,9122c1d8-94ef-4e6d-af48-41aa9298a366,1850,cash,2026-05-10 04:55:23.989+00,65584891-c44e-4b9e-b930-75a2d9cf0ea2,,,,,
1d13adee-8777-45c4-b991-65c63f13d3fd,1198ce1c-36b8-4230-9a2b-633ff3a34485,4000,cash,2026-03-27 14:12:27.075+00,65584891-c44e-4b9e-b930-75a2d9cf0ea2,,,,,
1dd2d006-38a6-452e-a21d-5bc7202bce1c,5412c8fb-9740-4aaf-95d2-b6c3ec621a07,3700,cash,2026-02-02 14:11:11.073058+00,,,,,,
1e055e02-f28c-44cd-905c-48b4589bb62a,ebf91396-e436-46e9-a28d-3b0a7eaa6811,1850,cash,2026-06-13 04:37:15.512+00,65584891-c44e-4b9e-b930-75a2d9cf0ea2,,,,,
1efeff60-7fd3-4938-b107-d28fae4a2101,8e4e60a5-2027-4a84-9271-635b2347da03,3500,cash,2026-06-13 12:41:49.027477+00,,,,,,
1f522204-07e4-40af-8b70-a6b60dafb8a7,a47bd80b-1ae8-4572-986c-8b39290b45c4,2000,cash,2026-06-11 11:39:16.757665+00,,,,,,
1f8c3f9a-cf23-4ca4-9b44-155875b0cfda,c0492aab-e819-4d8a-92fa-363554f590e0,3700,cash,2026-02-19 12:08:44.377771+00,,,,,,
1f9ba9e0-5afc-4311-bd26-e0c820959293,78cdf8e7-2542-4cfa-b99a-0fb574a5bf10,3700,cash,2026-02-17 12:13:18.831063+00,,,,,,
21cd0e26-6dae-4ff7-b694-2331eb82ca08,66b0ea02-73db-43f3-9566-6304c75c95e6,3900,cash,2026-04-13 14:14:27.002021+00,,,,,,
22e365a1-9a68-4c23-b5ff-2434a6705a7d,781de23c-a86c-48d1-bba6-71fe51a72ed6,1850,cash,2026-05-07 12:57:48.180478+00,,,,,,
23500632-90ab-4332-ba3f-7b8c727c5ff8,d617c6f0-1cbc-4ab4-afa5-db3e1cf24c62,14900,cash,2026-02-04 14:33:42.466044+00,,,,,,
2383438c-4628-4132-9f11-87eb4b1cc188,d7f2515f-2fc7-4690-8f46-d18a13f0b2eb,1850,cash,2026-02-18 12:06:43.13548+00,,,,,,
2384e650-a862-46f0-b14f-5e09b2202408,fd94950c-fd6b-4be5-a231-bc2371db2946,3250,cash,2026-03-26 10:25:29.416+00,65584891-c44e-4b9e-b930-75a2d9cf0ea2,,,,,
23e08464-e416-4a9c-ae64-8a4864b07e75,2bad0435-1614-44f1-a73b-85b99e47d913,1850,cash,2026-02-17 09:11:59.876834+00,,,,,,
24115709-c7b6-48f3-b40d-580568c904b8,e0e25228-4dde-4f65-90b1-6692cb82b8d6,2450,cash,2026-06-29 11:35:50.487056+00,,,,,,
2466872f-9ca1-425b-8124-8594dbd32aa3,353a301d-6989-451a-865f-a075708768ce,2350,cash,2026-03-21 10:09:04.323593+00,,,,,,
246ae712-d4bb-4983-8302-d34178f3597b,b07eea9b-b3ac-48fa-93a0-e4671ca500b5,3000,cash,2026-04-01 15:21:41.89+00,65584891-c44e-4b9e-b930-75a2d9cf0ea2,,,,,
24959f8f-1814-4dfd-9fd0-2422ae5fcc73,d934c8a7-42ca-472d-b70b-70631e7bce0f,2750,cash,2026-01-27 13:22:51.674444+00,,,,,,
25cd215f-7a78-4814-bbde-de35acf17298,77e81e1a-1aff-4da0-9137-2c3562b244bc,3250,cash,2026-03-21 11:11:11.975+00,65584891-c44e-4b9e-b930-75a2d9cf0ea2,,,,,
2628c22c-541e-4c2e-a3d5-c681d4fe079e,71c540ea-44f7-4e7a-ab20-a2d025ab3182,1600,cash,2026-04-24 14:30:26.245+00,65584891-c44e-4b9e-b930-75a2d9cf0ea2,,,,,
2633e51a-3ff4-4627-a720-5c9dac769bfd,625dca75-715a-42dc-a5d1-8633048ec197,3200,cash,2026-03-16 12:51:17.737+00,65584891-c44e-4b9e-b930-75a2d9cf0ea2,,,,,
27097f53-6184-4dd6-9702-b16fc8bdbc94,ab0d4683-d837-495a-8c13-bd9c6f09855e,3700,cash,2026-06-12 18:22:24.365177+00,,,,,,
27a08b25-2517-4c5b-9380-f5bb2f91fd2b,5412c8fb-9740-4aaf-95d2-b6c3ec621a07,3700,cash,2026-02-05 08:56:13.131+00,65584891-c44e-4b9e-b930-75a2d9cf0ea2,,,,,
286c070d-5568-45c4-8d49-a90ef222c8cb,6c3e54a1-1270-4ad5-9839-ab5ab310b98d,4500,cash,2026-04-13 14:13:11.502006+00,,,,,,
2899eea2-9032-4576-82be-2dbbdc0d6b32,0e3b02c2-94fa-47fd-aa09-2d2f3d52336e,3000,cash,2026-04-11 12:15:16.912074+00,,,,,,
28d1e37c-5878-4e81-b006-ad77890be81d,8f6f90d1-71e3-41d1-94cf-8380f293a753,2700,cash,2026-04-18 08:41:51.029+00,65584891-c44e-4b9e-b930-75a2d9cf0ea2,,,,,
2963627a-6d30-4913-ac8b-be2af6e15848,d389befa-eb54-4248-9683-d9bbc109fcfb,3000,cash,2026-03-21 11:19:04.412269+00,,,,,,
29f809b3-3468-4a02-a469-919a500cf251,660eea38-841a-4654-a857-49b6739eb674,3700,cash,2026-06-18 09:59:29.663+00,65584891-c44e-4b9e-b930-75a2d9cf0ea2,,,,,
2a74576a-1deb-4c02-8228-2fd1ac296a4c,105b4470-aad5-4220-a3bb-2913fcff7fb5,2100,cash,2026-06-22 08:34:52.197+00,65584891-c44e-4b9e-b930-75a2d9cf0ea2,,,,,
2b2f26f9-26a0-4188-85ed-6288da04e20d,4fbe841d-1e68-40e8-9a81-8701dbcbaecb,3500,cash,2026-01-10 14:28:49.145586+00,,,,,,
2bb6bfa3-460e-4cce-809b-d5b98034a35d,5cd9aea2-4ce0-4681-a00d-10b4e6820a98,3000,cash,2026-02-20 10:54:45.515+00,65584891-c44e-4b9e-b930-75a2d9cf0ea2,,,,,
2dbd9510-7174-4cc5-8e6d-13b0decb4b75,911d4d60-e960-4dcd-9438-2fd16672fe2d,3500,cash,2026-03-21 14:56:46.869338+00,,,,,,
2deca855-7dec-48bf-ac41-6d141a7b0c2e,991ded7f-c47d-457b-977a-75f06f924164,2100,cash,2026-03-21 13:24:25.592131+00,,,,,,
2e8417bb-9ea6-4949-ab42-fa953c8c8c8a,471f49e8-14d8-411a-a83f-0e403595b815,1750,cash,2026-06-27 07:40:00.785191+00,,,,,,
2f3ed7f3-f2df-4ca9-9bd9-c1e605bb666d,c4100220-789a-4861-bb1a-d7d7ddca83cc,2350,cash,2026-01-23 11:27:25.868+00,65584891-c44e-4b9e-b930-75a2d9cf0ea2,,,,,
2fd75144-50eb-42bc-a9ff-ee072a3c05fd,46858bdb-80ad-45d0-8a7d-f2423052b76e,6000,cash,2026-03-06 15:50:43.727372+00,,,,,,
30944436-0dc4-42a8-9cff-c9dec09929f5,db465ae5-b8f1-4245-9a02-34f41e61153a,2250,cash,2026-04-16 15:28:54.602174+00,,,,,,
310d2a1b-016a-435d-8a99-98e540cf7cd5,22186ffa-a0c1-42f7-8551-031ef5e36a51,2400,cash,2026-06-03 14:04:34.60346+00,,,,,,
31adb21a-79e3-4674-a494-2b4da34c1313,32971693-a74c-4d48-a189-fd079dba1aa6,7750,cash,2026-01-31 14:43:56.132461+00,,,,,,
31afbed1-4930-4e94-84f0-940bae93f311,46858bdb-80ad-45d0-8a7d-f2423052b76e,6200,cash,2026-05-07 15:41:53.181+00,65584891-c44e-4b9e-b930-75a2d9cf0ea2,,,,,
320de297-5d33-40cf-896e-1b0b2432ac9a,709dec22-5a7c-43d4-b477-0633488b1ecc,6500,cash,2026-02-26 11:34:56.869331+00,,,,,,
324b6c98-4d02-4106-82ae-29b9c170f574,78868fc0-7111-4df4-aaa8-98e98c830f29,1850,cash,2026-03-27 15:08:19.112+00,65584891-c44e-4b9e-b930-75a2d9cf0ea2,,,,,
32e0656e-9d14-4ae5-884e-d79e2f9f3249,6183e2ec-e0bd-4b32-995e-a60d46116da6,1850,cash,2026-04-04 09:16:57.571+00,65584891-c44e-4b9e-b930-75a2d9cf0ea2,,,,,
3390a45f-ea9a-4f39-93f0-9d0773d10fbd,858aa9c0-3417-44c5-8ced-1228e1add8aa,5500,cash,2026-02-17 11:07:00.572074+00,,,,,,
33bf75d5-f527-4ca5-af84-c84d96eda3c7,5b114319-7218-415b-9f72-7aeeb66b64fd,3900,cash,2026-06-20 10:32:49.656+00,65584891-c44e-4b9e-b930-75a2d9cf0ea2,,,,,
35006228-ba3e-4b6d-ae32-98390379734a,375a3d1b-b606-4907-bae7-1924e2493034,3700,cash,2026-06-24 10:36:37.928125+00,,,,,,
359e59df-e267-45e4-9c2c-e8eaa25e4fb7,13095957-37e4-4868-b240-4041465dbe55,1980,cash,2026-06-06 14:08:46.687057+00,,,,,,
3609ce96-03ff-4357-b31e-a3e797266259,5cd9aea2-4ce0-4681-a00d-10b4e6820a98,3000,cash,2026-02-09 15:00:20.505879+00,,,,,,
370ac54a-8c29-4f03-8a78-9d41245f899b,edf1a27c-72c2-4ad8-b066-7233353f567f,3700,cash,2026-02-23 10:28:58.464912+00,,,,,,
37176203-2dc3-4ed1-9d12-f4c8d78ccde7,adfd2172-08cc-4db6-a736-abac7938d514,2100,cash,2026-06-04 10:45:02.566+00,65584891-c44e-4b9e-b930-75a2d9cf0ea2,,,,,
37aad9f1-25a6-4222-be9b-4e147fef46a9,dca13654-fd66-45be-bbef-6831d6f3839e,5450,cash,2026-05-14 13:15:50.891+00,65584891-c44e-4b9e-b930-75a2d9cf0ea2,,,,,
389ead21-3d49-45e5-aa95-a1a97214b8e0,36964c97-250e-4d1c-867b-072f52b1ef1a,4700,cash,2026-03-27 13:40:50.994851+00,,,,,,
38dba5f8-8d49-4f93-a40f-5f568b03d9da,c7b05f3f-351b-4020-85d3-c3599362d243,1850,cash,2026-02-13 13:32:37.985+00,65584891-c44e-4b9e-b930-75a2d9cf0ea2,,,,,
391edc71-775a-4308-95ec-7fd7503f3894,e9cca742-cd11-4f21-b8ef-275ead8cee6f,1700,cash,2026-02-06 11:50:56.008+00,65584891-c44e-4b9e-b930-75a2d9cf0ea2,,,,,
39336c4e-3a74-45c6-a3d2-50cff1135c42,72f9a4b6-3777-411e-8309-27b7f3a4f996,7500,cash,2026-01-07 07:20:27.234494+00,,,,,,
39ab0849-d190-406e-8c8c-8701b9c09eb2,f8f41fc4-5cd1-4cfb-b8b1-511377e97c26,3500,cash,2026-02-25 13:47:59.49436+00,,,,,,
39e77fc3-ccd4-470c-84d5-2ec441fc83b2,0d103666-3eaa-43c1-9dac-2c7a3e038426,1850,cash,2026-02-23 13:09:33.233599+00,,,,,,
3bbe36ba-aea3-45d8-b7c2-993f98f9f591,33b19d16-8b05-494e-9787-66b53b65930e,1700,cash,2026-03-21 04:57:11.024+00,65584891-c44e-4b9e-b930-75a2d9cf0ea2,,,,,
3ca48ac2-3d1e-4498-8abb-28318bb42efe,6b1cafef-9ca9-46d4-bbab-df852c9936e4,2000,cash,2026-04-10 10:47:25.601+00,65584891-c44e-4b9e-b930-75a2d9cf0ea2,,,,,
3ce7551b-00ff-4e19-9e25-e8b353ac6715,4391054d-3169-49ab-b62b-7f75f3f534aa,1850,cash,2026-05-23 09:49:37.207097+00,,,,,,
3cf3b8ef-9f4d-498f-91b2-7091e739d068,b9d668b9-9762-48a0-9024-78113c559347,1850,cash,2026-04-21 13:30:35.924+00,65584891-c44e-4b9e-b930-75a2d9cf0ea2,,,,,
3d07be33-b4b2-46c2-8a99-34469342ea07,2567af9f-3253-4ab1-80c7-cffe58c6653f,2100,cash,2026-02-18 10:08:03.832941+00,,,,,,
3d10c813-ac1c-40df-8e83-3efe6a2206b4,7f6b6bbc-2106-49d4-9514-326c22273f8c,3500,cash,2026-01-31 14:50:10.255+00,65584891-c44e-4b9e-b930-75a2d9cf0ea2,,,,,
3d6aa105-e8e7-455b-bf07-8f2e936401eb,41ad28d3-28e0-4d62-832e-d8fffdb4a847,1750,cash,2026-06-18 12:54:39.612062+00,,,,,,
3d882b0e-0b53-4e2c-985a-3e843a82f913,1194f579-8390-42a9-baf1-a9556923eb70,4200,cash,2026-05-21 16:16:27.727387+00,,,,,,
3db25664-b309-4cfe-b0f0-73c39fa95d6b,5b114319-7218-415b-9f72-7aeeb66b64fd,4500,cash,2026-06-15 16:07:25.311282+00,,,,,,
3ed5f94e-091a-4b40-b2ff-d0e34527b051,dd330e70-7144-44c8-b541-b670477163d0,3500,cash,2026-02-17 13:26:19.229991+00,,,,,,
3fbb0e6a-3c91-4a8c-a0ac-690916290ab0,429ea2fa-65a0-4e0c-a828-f64d9e02acd5,1800,cash,2026-03-12 09:35:57.729+00,65584891-c44e-4b9e-b930-75a2d9cf0ea2,,,,,
4043d4e0-033c-42fa-af00-92c3b543eb5b,b7b011f3-f616-48ba-8bd4-7f1c0984517f,1850,cash,2026-06-29 14:33:02.840047+00,,,,,,
405a7bf5-8476-49b2-9d7b-52f2497fddf5,92f372aa-48ad-4fed-944c-055b78d476cf,1850,cash,2026-06-29 11:13:52.627768+00,,,,,,
40613d7f-5838-4521-a06a-2d095a64d84b,ef27d9a5-c1aa-477e-bcd2-4640e2dfe229,4700,cash,2026-05-27 13:12:10.148871+00,,,,,,
408df45a-9d76-4992-8853-ace84f616872,31c73b06-7406-42a1-b392-413fce055657,4200,cash,2026-03-12 14:05:29.239064+00,,,,,,
413686db-3d6f-44ad-9f61-ec24f835230c,7c5d3448-fa66-4a5c-bf36-1e6bb02f6816,7700,cash,2026-05-19 10:25:23.801035+00,,,,,,
418d85be-d2b7-4682-855d-93c84f138053,d38bbc6e-cc01-4c79-8f44-f1febbd767dd,2200,cash,2026-06-26 07:03:43.662+00,65584891-c44e-4b9e-b930-75a2d9cf0ea2,,,,,
41b92403-ad34-4146-acff-b94351dc3c2a,079030b9-cd99-434b-8980-c536f1fbff82,8775,cash,2026-06-13 04:35:56.446+00,65584891-c44e-4b9e-b930-75a2d9cf0ea2,,,,,
423fb418-3a0c-400a-9dca-5843dabb6903,c02ea85e-e8e1-40a4-b2ab-f8850044d54c,2000,cash,2026-06-01 09:14:38.003753+00,,,,,,
425257a0-92e2-4902-8ded-6fa4ddaca54d,26560755-83c8-4d76-a7e1-c07f7f97e3b9,1850,cash,2026-05-22 15:33:39.925+00,65584891-c44e-4b9e-b930-75a2d9cf0ea2,,,,,
426c6c6d-4aaa-4cd8-8c71-94916bbd6617,d2cd0697-9374-41de-b487-b926fa687c63,2000,cash,2026-06-22 10:58:45.56059+00,,,,,,
43ade6f6-f90c-43a9-b450-3cd3a813ffe1,dfcc12ab-1920-41a9-89df-7cfa22d9af44,1850,cash,2026-06-18 12:50:15.575+00,65584891-c44e-4b9e-b930-75a2d9cf0ea2,,,,,
444a05ce-e465-469d-9102-ba2c9b1c1cbb,fec347e8-9ce4-4bca-8e79-e7ee0fcbbb12,1500,cash,2026-06-24 07:07:48.952+00,65584891-c44e-4b9e-b930-75a2d9cf0ea2,,,,,
448f29bb-6ba7-4e9b-a3dc-ce570fc5c295,a37e94b7-4cce-432f-b938-782fe963a7eb,4200,cash,2026-06-23 09:27:25.12+00,65584891-c44e-4b9e-b930-75a2d9cf0ea2,,,,,
4537913d-d46d-41de-8521-2c5692b764b7,af476951-900f-4d9c-822f-d94015053f71,2000,cash,2026-06-16 10:10:06.321+00,65584891-c44e-4b9e-b930-75a2d9cf0ea2,,,,,
45851529-3dc5-4ade-893a-4e34dd7000cf,9da98588-ec9b-4022-9126-eb706555892b,1850,cash,2026-02-04 14:19:45.993259+00,,,,,,
46914fc4-b617-4fc9-892e-28c7cccc38fe,a1f6cc5a-b6ff-4bc4-9a2a-7c4a0cf14dd0,500,cash,2026-02-13 06:25:39.169+00,65584891-c44e-4b9e-b930-75a2d9cf0ea2,,,,,
4796ceab-4d69-4862-a838-cfb55775bfaf,f26883c1-d830-4871-ab5b-d1b5a8fff409,2100,cash,2026-06-04 11:09:54.586+00,65584891-c44e-4b9e-b930-75a2d9cf0ea2,,,,,
4992e639-6739-4e1c-b66e-99bba98ec3e3,3cbc6279-7bfb-42fa-b8d5-5d44346f11d6,2250,cash,2026-02-24 18:51:09.329849+00,,,,,,
49dd42c3-1cbe-4700-b0ae-471e7fae0f74,8261b4d3-9c5a-4a02-ac60-55338eebbe92,1900,cash,2026-06-19 12:40:51.477+00,65584891-c44e-4b9e-b930-75a2d9cf0ea2,,,,,
4aa0402e-89e7-497b-b0e5-1994e6e62894,52901161-b017-4eea-aef9-618f84b7e545,1750,cash,2026-04-21 10:13:08.856332+00,,,,,,
4bc7e3d8-5bf1-4785-a99d-3f8876891057,a97db74f-f2ed-46cc-aae9-7b4661cd79cb,3750,cash,2026-03-18 05:31:25.918+00,65584891-c44e-4b9e-b930-75a2d9cf0ea2,,,,,
4d0e4a4d-331f-49aa-88a5-d4db37a88fb8,17f1a5f1-0f0b-4629-82a7-4926ce3440af,7250,cash,2026-03-12 13:17:13.733035+00,,,,,,
4d7c92d5-cc2b-45c2-a18b-765164b40aaa,13095957-37e4-4868-b240-4041465dbe55,1970,cash,2026-06-11 14:38:37.382+00,65584891-c44e-4b9e-b930-75a2d9cf0ea2,,,,,
4d834600-c650-4188-8b0f-2064d75592a5,78844f7c-db9e-403d-9167-727a35e4e7c9,1850,cash,2026-02-13 11:41:05.893008+00,,,,,,
4da3fd5c-eaae-4dfd-8695-6cf64ccdd592,a4f09ca1-5b41-419f-ab29-c74d830d0cc9,4000,cash,2026-03-11 07:14:24.706+00,65584891-c44e-4b9e-b930-75a2d9cf0ea2,,,,,
4dfa98d8-7670-41c6-af74-89eedf993e9e,e7a07563-ffb1-4f9e-8fe8-18b6ee4a5d2d,5500,cash,2026-03-27 13:49:03.81+00,65584891-c44e-4b9e-b930-75a2d9cf0ea2,,,,,
4ea03783-dae8-4929-a25e-7ad5e2f5f34c,3f4313e9-07b6-4c8f-be4b-f49cba1b2872,3500,cash,2026-02-02 03:43:05.925494+00,,,,,,
4f125514-8476-4c89-a2ec-df1f6d2b28b8,a47bd80b-1ae8-4572-986c-8b39290b45c4,1700,cash,2026-06-22 11:07:12.105+00,65584891-c44e-4b9e-b930-75a2d9cf0ea2,,,,,
5032fb65-9d7e-4378-8506-b93c9dda6aba,61860dd4-8965-4fef-aeb3-2a63dbb15d03,1700,cash,2026-06-04 16:31:47.676982+00,,,,,,
503cd7d9-6aa0-4d61-9809-278eaa3e9dda,71c540ea-44f7-4e7a-ab20-a2d025ab3182,2600,cash,2026-04-21 13:43:40.740666+00,,,,,,
507625d9-1953-4df3-88c6-4c0953490fc2,0ababa08-aa34-4744-b19a-853ffaa48a3a,1500,cash,2026-06-22 10:28:32.796+00,65584891-c44e-4b9e-b930-75a2d9cf0ea2,,,,,
50ccb5ab-3576-43a6-a56f-20d74bd2ce4b,d7b2547d-4563-4ec0-b43d-c9b2ce46aa38,3700,cash,2026-03-13 14:52:50.463034+00,,,,,,
50ee585a-ff66-4aad-8c1f-517886f17708,97daf4f4-7475-46c4-a3eb-a1c13706b4ef,2100,cash,2026-05-26 12:29:32.159068+00,,,,,,
513027f7-cd35-448e-9f7c-30b25a3b9a69,7824a73a-3de9-4719-a37e-3e4b8c370cb5,3700,cash,2026-04-21 10:28:15.212006+00,,,,,,
51f0b38d-e4e5-4b48-9ff4-ef1d3b1cfeb9,8544e6c6-ba3f-4da3-94a0-9e0dc55eae34,1200,cash,2026-03-26 13:23:40.734+00,65584891-c44e-4b9e-b930-75a2d9cf0ea2,,,,,
527c5348-5390-429f-8948-88ebbcf82c86,4fe15d4e-ee02-45b3-9801-9af35c27570e,5250,cash,2026-01-17 11:51:23.444257+00,,,,,,
530c6e51-23f6-4227-8a47-658a44c5441d,ea388d6b-8cbe-4839-bcf6-e61a54b366e7,1700,cash,2026-02-03 11:23:51.777+00,65584891-c44e-4b9e-b930-75a2d9cf0ea2,,,,,
53804f1a-a1b1-4fa6-84cf-706d49ac04df,0607675f-fb89-4c83-b7c7-919d9e426eee,3700,cash,2026-05-09 14:45:31.322308+00,,,,,,
538929eb-d73a-439a-8d56-e9ce8160eb6a,c145b544-232b-4c08-926f-e054a68647df,1500,cash,2026-06-29 12:38:33.326+00,65584891-c44e-4b9e-b930-75a2d9cf0ea2,,,,,
53b0347d-1bad-4aef-9078-bcaf21a8a7fd,6ed7640a-c3a0-432b-856a-ca63feddcc67,2500,cash,2026-02-19 12:42:29.161155+00,,,,,,
53b92a63-980b-4243-8bb5-4faf06565cab,1198ce1c-36b8-4230-9a2b-633ff3a34485,4000,cash,2026-03-21 13:27:50.329659+00,,,,,,
5462b0fa-99ed-445c-9504-32f2cd3a82b0,aeb95683-91f5-49e2-adf9-f4314ff556dc,2000,cash,2026-06-17 16:14:44.124794+00,,,,,,
55f3517c-3b1f-4639-a60f-afdced787311,55aacc69-68c7-48d8-a662-f25b0b03ce49,4500,cash,2026-01-17 10:16:04.264241+00,,,,,,
55ff694c-812a-4d57-be1b-eda9d97371d0,858aa9c0-3417-44c5-8ced-1228e1add8aa,5500,cash,2026-02-20 15:19:09.036+00,65584891-c44e-4b9e-b930-75a2d9cf0ea2,,,,,
5697c623-4ad5-4eb1-9e2d-1a84b92e7e9e,f1d260d7-73dd-4332-baa6-7d2fcda635ea,9000,cash,2026-06-23 10:42:52.61732+00,,,,,,
56f2a344-f79d-43ba-89c4-6effdbdbd28f,a4f09ca1-5b41-419f-ab29-c74d830d0cc9,3500,cash,2026-03-05 07:28:17.515102+00,,,,,,
56f6bdd1-9a26-426d-8b6f-0e2182460b24,e4319103-6484-4571-a1ec-d714d2cfb084,1850,cash,2026-05-08 13:36:02.701+00,65584891-c44e-4b9e-b930-75a2d9cf0ea2,,,,,
57632e5d-c965-405a-8c6f-0f083b46c621,fa02ecff-3be5-4f97-875b-3d4cb1c1b818,1850,cash,2026-05-14 12:59:03.604+00,65584891-c44e-4b9e-b930-75a2d9cf0ea2,,,,,
583290d6-e674-43ec-9317-763c4ce78d0d,d2a6c846-4ad7-4b9a-9a5a-3fc8f56fed1a,2500,cash,2026-02-24 12:23:49.469809+00,,,,,,
5858bf2e-7e60-40d5-92bf-0157083103a6,23a7aa01-71bf-4ac6-8ad0-885138422b5b,5000,cash,2026-03-06 08:50:16.768449+00,,,,,,
58fd032e-f535-45ef-a850-353d1e289ae1,5b15bc02-0ac0-435d-9843-0a93b1faa926,3020,cash,2026-04-24 14:29:54.791+00,65584891-c44e-4b9e-b930-75a2d9cf0ea2,,,,,
5914ae8a-cdbb-4120-9093-78e8a28989e6,425f4714-ca96-417d-af0f-c98af89abf59,2000,cash,2026-03-05 15:49:09.908+00,65584891-c44e-4b9e-b930-75a2d9cf0ea2,,,,,
5925232f-81eb-439c-a56e-9033fb7f57dd,61e1dc0e-95b1-4631-bfe0-140cb723735d,1700,cash,2026-06-26 15:58:08.445+00,65584891-c44e-4b9e-b930-75a2d9cf0ea2,,,,,
59eb1941-5192-4382-819d-4b93275c0c81,1390ef8a-e13b-40bb-89a7-c536cbbf323c,2000,cash,2026-02-20 08:57:34.574472+00,,,,,,
59f7a49c-0cfa-4374-a4c9-68676e61468a,d2f81793-c3a4-475d-8c08-331bb0036ebd,8000,cash,2026-02-25 16:00:43.378524+00,,,,,,
5a0fbacd-4a03-41b7-b801-9d34a1687442,3bc9e832-f5a4-401d-8fa5-f3b60019ec13,3500,cash,2026-06-17 16:19:52.990166+00,,,,,,
5b3e1ddb-9447-4816-aa1b-dbdb2b404b7a,30f41e72-1c85-459a-b005-1767dfd1203e,2000,cash,2026-06-19 16:00:19.171+00,65584891-c44e-4b9e-b930-75a2d9cf0ea2,,,,,
5bd3702d-7c30-4404-bcf2-99d4a13f72cd,97d156f9-3973-4190-95c2-3e3ef95f9d2c,3700,cash,2026-06-30 14:44:10.448053+00,,,,,,
5be155d2-48b5-427b-afd6-a83e83f59f92,c145b544-232b-4c08-926f-e054a68647df,2000,cash,2026-06-23 11:57:29.557005+00,,,,,,
5be9721c-4e68-4798-8ca3-238cb0630d34,8d3f6d93-8b43-45cb-8ee2-261fcda8d7a6,1200,cash,2026-06-16 11:10:37.807+00,65584891-c44e-4b9e-b930-75a2d9cf0ea2,,,,,
5bebdfb3-75bb-4903-90aa-a496245aab67,0c8af382-4867-46ea-a8fb-c83038b4d021,4200,cash,2026-03-18 16:17:21.306371+00,,,,,,
5c14c69b-7be9-45e2-b1c4-ac697f5f118e,3b7785cf-2fed-4b3c-8c6b-def1f3acc699,4000,cash,2026-06-13 09:34:04.994355+00,,,,,,
5cad8400-58f9-40bb-84ca-859daf109bb9,a3cc2eed-d392-4e5f-be80-43951e812cba,4700,cash,2026-06-17 10:10:24.914271+00,,,,,,
5cdc81b8-2bb3-4450-8390-e6b06c68716b,286f7ca0-c98b-4946-9ac3-9b29b57f41bf,1850,cash,2026-06-30 08:40:06.958+00,65584891-c44e-4b9e-b930-75a2d9cf0ea2,,,,,
5d8b9cb1-fa5a-4e2c-a77f-b54a1ed657f1,cc1ff338-f6bd-4a87-8d94-1e131a7ca25e,5000,cash,2026-05-05 15:51:56.284402+00,,,,,,
5dea8144-9db3-4406-93f7-a0083f52e99d,5697b913-2fb0-4559-ba97-430a7c7f56ca,1950,cash,2026-02-03 09:26:16.67+00,65584891-c44e-4b9e-b930-75a2d9cf0ea2,,,,,
5df40461-72c8-4691-9660-ce1b04e14a7f,41b0f602-b136-4702-a000-f96a51a77693,2750,cash,2026-01-27 14:21:33.763+00,65584891-c44e-4b9e-b930-75a2d9cf0ea2,,,,,
5df9e1d7-124f-46e3-8abe-a35cabdd4db4,d7f2515f-2fc7-4690-8f46-d18a13f0b2eb,1850,cash,2026-02-26 08:54:41.568+00,65584891-c44e-4b9e-b930-75a2d9cf0ea2,,,,,
5f0cc4c1-4b32-4abb-b784-3c1aa0766c7c,8a5e9bf5-9f1f-4230-93bd-1ce79c06f092,5000,cash,2026-05-19 04:23:47.896511+00,,,,,,
5f350303-cb85-43f6-843c-9aa89af132f2,b6bb2e2b-a9e6-4cef-87f2-318839f642d3,2100,cash,2026-04-22 09:35:23.701854+00,,,,,,
6023c309-5681-4871-9beb-518cf1fe4e71,34ede3e6-03ad-4998-a845-4e956d4049ac,1750,cash,2026-03-06 11:17:03.690457+00,,,,,,
6078da63-efd8-4fbf-a2b4-272dd3df57d7,4fe15d4e-ee02-45b3-9801-9af35c27570e,5250,cash,2026-01-21 10:15:28.102+00,65584891-c44e-4b9e-b930-75a2d9cf0ea2,,,,,
60b76349-4429-479a-92fc-5bff4f49b4ad,a9368b86-daef-418c-985b-14b8ef8be401,1950,cash,2026-03-21 10:36:07.516+00,65584891-c44e-4b9e-b930-75a2d9cf0ea2,,,,,
6188e857-a062-42c9-bfc3-a45ca8f80ea0,2b490617-11c3-4aa7-857f-ec9437354b60,4000,cash,2026-02-18 15:53:58.943515+00,,,,,,
619d4d22-32a1-47ba-9fef-f7195c0bef10,660eea38-841a-4654-a857-49b6739eb674,3500,cash,2026-06-11 12:16:27.812553+00,,,,,,
61abd1bc-6f51-4de2-b147-22d814fbf783,6d7e80df-88e8-4f9f-a575-eb73b16b188e,2250,cash,2026-06-26 08:17:22.955+00,65584891-c44e-4b9e-b930-75a2d9cf0ea2,,,,,
61b06a64-4a71-4d24-b7a8-ef15431a0927,d2cd0697-9374-41de-b487-b926fa687c63,1500,cash,2026-06-24 13:57:29.482+00,65584891-c44e-4b9e-b930-75a2d9cf0ea2,,,,,
61c5c1ec-7a98-4c58-8e36-f169a69bbff7,f1edefcd-ebb4-4b49-a346-10b6814f0689,3700,cash,2026-02-20 15:49:40.352327+00,,,,,,
628853cc-3acf-4f66-be80-005254de7c1e,aa319382-afe7-4500-afa3-53c1072264cd,3500,cash,2026-02-17 13:28:52.113898+00,,,,,,
62a9e0b8-0f9c-4351-8b77-25d9cbb95a69,5c5d5520-c83e-4249-8022-58094bf80794,3500,cash,2026-02-09 07:01:27.535247+00,,,,,,
6311d8fc-533e-4877-bdcc-5868cd0d5040,af476951-900f-4d9c-822f-d94015053f71,2000,cash,2026-06-11 11:27:55.95017+00,,,,,,
63802ef5-70fb-4cfc-ad2c-10d92e5536ec,a805c5d3-c331-4165-b3e4-6f8a013e1622,3700,cash,2026-04-18 10:47:07.645613+00,,,,,,
642a2205-10a8-42d6-a625-afdd531afaa4,02801f54-cdac-4bec-b732-13a41ae6ccca,2500,cash,2026-02-03 14:28:22.464+00,65584891-c44e-4b9e-b930-75a2d9cf0ea2,,,,,
64496f1f-19a0-4d54-990c-694410b19bc0,fa3b636b-038a-42c8-90fe-8e229e8ec0ae,1750,cash,2026-06-16 13:19:31.375988+00,,,,,,
650ebd97-5c46-4567-9f67-702a11a37a24,82f59488-fd69-4905-ba60-5d33795556d0,2250,cash,2026-03-03 11:05:18.361281+00,,,,,,
652e5e99-19a9-4304-8c19-13126d5045b9,be6f8d55-c5d7-44f9-b0fe-5201a3b3bbf0,3700,cash,2026-05-09 04:57:40.016243+00,,,,,,
65fbee5a-d892-483e-8b84-f58834fa0acb,6b15494f-fdeb-4e2c-83b2-e116ce746359,3700,cash,2026-03-14 12:41:44.24888+00,,,,,,
669c097c-12a5-4e59-8cff-de7e1dbc51a1,fa720a5c-efca-48f8-a1e8-ede9c79c52b0,2100,cash,2026-06-20 12:17:39.0484+00,,,,,,
66bd3dd3-7ddd-4ea0-882e-3d64a6b20d60,429ea2fa-65a0-4e0c-a828-f64d9e02acd5,1900,cash,2026-03-10 19:26:34.157889+00,,,,,,
67750df3-300f-46b6-9778-f95cfc656813,77e81e1a-1aff-4da0-9137-2c3562b244bc,5750,cash,2026-02-25 07:48:19.780387+00,,,,,,
67937fb5-105f-4026-8bfc-a1f350f4e8b0,b7705875-6b63-4e62-9151-f1ceef5b92e7,1700,cash,2026-02-26 07:58:48.235+00,65584891-c44e-4b9e-b930-75a2d9cf0ea2,,,,,
679fb446-63d4-430a-a2dc-46eb2bdd5ddb,0d103666-3eaa-43c1-9dac-2c7a3e038426,1850,cash,2026-02-26 11:42:04.68+00,65584891-c44e-4b9e-b930-75a2d9cf0ea2,,,,,
68dd3686-a027-42b2-91bf-3f16559f8710,376209e8-9c96-41be-a0bc-28dd883cc40a,3000,cash,2026-06-26 14:05:29.035148+00,,,,,,
6ab23217-1aee-4fe5-b567-77c4a758c5ca,a4f38966-f52e-4828-9fad-27ba98864fc5,30000,cash,2026-04-16 08:07:28.403406+00,,,,,,
6b429037-200c-4c93-b89e-0d02406c4ce6,2a87202c-0ed1-4da5-a8d1-b62219ac9a52,4200,cash,2026-02-11 07:10:37.284214+00,,,,,,
6b542ff9-b40e-43ab-94ee-dacc3fc51d42,3e396821-be2d-43f7-8a71-677ce1a442f9,3950,cash,2026-04-09 12:55:00.858+00,65584891-c44e-4b9e-b930-75a2d9cf0ea2,,,,,
6c247756-d0dd-4adc-8873-fbbeb5e170c3,1f113fa4-caad-4027-b97e-e0538dd372e9,1300,cash,2026-03-06 08:33:50.914+00,65584891-c44e-4b9e-b930-75a2d9cf0ea2,,,,,
6c6807e3-4e9c-44f9-851c-9dbb8c78236a,9ddf5337-f404-4499-8297-9f4e22346934,3500,cash,2026-05-13 16:53:42.686054+00,,,,,,
6c757ff5-6d3b-4be7-a891-85245219a35d,9886f983-4d56-4046-9382-cd8faa01bf5c,3500,cash,2026-06-27 13:22:44.934392+00,,,,,,
6c9e8291-e9f5-423a-9474-b7ff17b39d08,72f9a4b6-3777-411e-8309-27b7f3a4f996,7500,cash,2026-01-23 13:39:53.769+00,65584891-c44e-4b9e-b930-75a2d9cf0ea2,,,,,
6cb1cb2d-b347-4f7a-b43f-e112d60977b3,d4079abd-86f7-4b24-85ff-b71e5b4ed5ad,3500,cash,2026-01-30 12:18:08.036+00,65584891-c44e-4b9e-b930-75a2d9cf0ea2,,,,,
6cba5884-f1f3-4c66-b5ce-b022cbd08b06,5add4268-e2cd-4f2c-9f9a-57d673d222bf,4900,cash,2026-06-24 11:49:04.427439+00,,,,,,
6cc27db3-2353-479e-ac52-1d12940d1e93,af0ee547-3c32-4039-bbf7-2c892f312963,3700,cash,2026-06-16 13:45:13.537394+00,,,,,,
6d93073a-7a07-4d81-8733-d23eaac9d982,e4319103-6484-4571-a1ec-d714d2cfb084,1850,cash,2026-05-04 12:59:58.96844+00,,,,,,
6de870f7-6ca0-49b2-adf3-a75048a406cc,2bad0435-1614-44f1-a73b-85b99e47d913,1850,cash,2026-02-19 09:20:05.081+00,65584891-c44e-4b9e-b930-75a2d9cf0ea2,,,,,
6f69dfce-bbb6-4162-a94e-9a8191594f4a,d9d70c11-c607-4bcd-ab38-c0159d56b14a,3700,cash,2026-02-14 11:35:28.162398+00,,,,,,
7041d03c-6d1e-42b4-8909-ac7026fef2f5,8950f0ae-c2f1-4030-a24a-504aae3a7fb5,2250,cash,2026-04-09 11:04:28.105+00,65584891-c44e-4b9e-b930-75a2d9cf0ea2,,,,,
7063253a-371e-452a-896d-5a6a32474e41,fd3b5d5a-3e28-43a3-bbc1-e801909abce6,3500,cash,2026-01-05 15:41:20.125229+00,,,,,,
71c7e2c5-854a-4af5-b7d5-9f26e0beb00f,612281e1-040d-409c-9a73-75e55a831601,2100,cash,2026-02-04 12:11:47.675308+00,,,,,,
721dc9a1-4fb3-4aa7-8783-b351e18cba94,e9cca742-cd11-4f21-b8ef-275ead8cee6f,2000,cash,2026-02-02 06:32:34.396411+00,,,,,,
731beb8a-e8ce-4c66-8ad8-95050347f89c,3448b53b-7832-4136-903d-554c40f9267d,1850,cash,2026-04-17 14:58:45.515+00,65584891-c44e-4b9e-b930-75a2d9cf0ea2,,,,,
737e09bc-07c2-40d5-83d9-862ae83f7395,82df5a29-2b2b-4d88-b3ff-c51eb6bd4f9f,2350,cash,2026-06-09 10:06:37.09+00,65584891-c44e-4b9e-b930-75a2d9cf0ea2,,,,,
73c43bff-b485-4146-8488-88fd3c66ae48,d8a7d739-4d2b-4de5-9bd7-2af5132502bf,3500,cash,2026-06-17 08:31:08.342559+00,,,,,,
742790af-661e-4d6e-b066-e64c8e2fb4af,a6a22c6b-6bec-44a9-b342-1abf4094591a,3700,cash,2026-01-12 16:45:03.781+00,65584891-c44e-4b9e-b930-75a2d9cf0ea2,,,,,
74bd1cb0-6425-4a8d-b0c4-456e7bb5dc14,5454e22a-821a-44e9-afa4-07828b06a00b,1850,cash,2026-02-11 15:25:27.215189+00,,,,,,
75d62f22-a92e-42b2-bccc-da3042dc5e55,fd94950c-fd6b-4be5-a231-bc2371db2946,3250,cash,2026-03-23 11:49:26.859932+00,,,,,,
773b711c-de8a-41e8-b495-91f7a4f19805,52901161-b017-4eea-aef9-618f84b7e545,1750,cash,2026-04-23 14:47:10.349+00,65584891-c44e-4b9e-b930-75a2d9cf0ea2,,,,,
78455920-5a45-43d1-84ce-9ca5608c8e45,0b627b54-94b8-4a99-ade6-339762265279,1850,cash,2026-03-05 15:03:34.424+00,65584891-c44e-4b9e-b930-75a2d9cf0ea2,,,,,
79738123-eb63-431b-8d55-e9e39f20c5bf,0b627b54-94b8-4a99-ade6-339762265279,1850,cash,2026-02-26 15:02:57.841954+00,,,,,,
7a950767-568a-4167-99ae-b478d4539c45,d2a6c846-4ad7-4b9a-9a5a-3fc8f56fed1a,2000,cash,2026-02-27 12:21:48.376+00,65584891-c44e-4b9e-b930-75a2d9cf0ea2,,,,,
7b1ec982-8fe7-43e0-8daa-970bd5085445,6b1cafef-9ca9-46d4-bbab-df852c9936e4,1950,cash,2026-04-08 04:38:36.27393+00,,,,,,
7b292270-cb0b-4817-997b-4cd6b11b4747,b07eea9b-b3ac-48fa-93a0-e4671ca500b5,2500,cash,2026-03-28 17:44:51.596978+00,,,,,,
7c5ad1f8-2c87-40b0-bba8-f03c511c3f7d,b106bf8a-f444-497e-9a28-e51c0584de02,1850,cash,2026-02-09 10:42:38.97186+00,,,,,,
7d0c8833-7e5b-488a-8c3b-3b61b83fe838,1390ef8a-e13b-40bb-89a7-c536cbbf323c,1950,cash,2026-02-24 14:02:54.421+00,65584891-c44e-4b9e-b930-75a2d9cf0ea2,,,,,
7d217dc5-26c7-4f6b-a508-97bf5532ff47,8521ee7e-4b34-4ff3-a4d9-f5f8fd3a874d,1850,cash,2026-06-24 13:08:19.077+00,65584891-c44e-4b9e-b930-75a2d9cf0ea2,,,,,
7d3bd9f0-0351-4de5-86ef-24b93234325f,e33ced74-93d4-4fa4-9a0c-0e95a0412669,9000,cash,2026-04-12 16:04:41.823+00,65584891-c44e-4b9e-b930-75a2d9cf0ea2,,,,,
7d872b82-4dd3-465e-a209-182a93946b3f,c7b05f3f-351b-4020-85d3-c3599362d243,1850,cash,2026-02-09 18:27:51.535673+00,,,,,,
7e754ab5-7459-4a2d-8769-7b5480662ff2,82f59488-fd69-4905-ba60-5d33795556d0,2250,cash,2026-03-28 12:12:01.384+00,65584891-c44e-4b9e-b930-75a2d9cf0ea2,,,,,
7e78fdd7-edb4-44d2-a34b-8016ee135fb3,08091250-d494-443e-b419-a28e349bdef4,2000,cash,2026-05-27 10:36:22.277934+00,,,,,,
7fbdcbd3-17ac-4143-8ab7-27224a917b09,56c5cca7-5e8e-4216-bc03-a50bbc6178d9,4500,cash,2026-02-27 11:54:10.293+00,65584891-c44e-4b9e-b930-75a2d9cf0ea2,,,,,
8078e84a-e3cb-43a8-9646-db4d8e23783e,25c9d6c3-f731-4764-8970-126f278cf204,3700,cash,2026-04-28 14:11:18.63097+00,,,,,,
80f850cb-cd06-40ee-b76e-bb53c48ea678,07f19229-c185-4a64-a8f1-6fdd69245e36,4500,cash,2026-03-21 09:56:01.549653+00,,,,,,
81d9ac36-74ca-421e-86ad-ce0603f280db,60013079-a55d-4155-8e3b-af2da332ced8,2200,cash,2026-04-10 11:08:07.121+00,65584891-c44e-4b9e-b930-75a2d9cf0ea2,,,,,
82d2d76c-c2db-4f69-8a8c-ff2e8ac6f3d2,f764f45a-6193-4d16-ac5c-2d3a345c37e4,2000,cash,2026-06-05 16:23:16.724188+00,,,,,,
8303dea6-4dff-4b2d-bdc2-e7203d5e8f61,5983e0fc-5714-44d8-b90d-8e3b530e212b,2500,cash,2026-06-22 12:04:35.436502+00,,,,,,
840c5fe9-b79b-4ca2-876a-1bcb8f17c5bf,612281e1-040d-409c-9a73-75e55a831601,2100,cash,2026-02-11 06:57:48.656+00,65584891-c44e-4b9e-b930-75a2d9cf0ea2,,,,,
84bdffd1-4e99-4e7c-bebf-3be1c0179daf,9f1a3225-c288-46dd-bea8-fc03f9ded09f,3750,cash,2026-06-22 14:07:03.631916+00,,,,,,
85585676-95e5-405e-9b19-65024bbe551e,0f09c1a7-4295-4a4b-94bc-70fbdb5b0807,4500,cash,2026-05-26 12:51:00.452103+00,,,,,,
86f73eb0-3c99-45b1-a295-624f5bed6421,aeb95683-91f5-49e2-adf9-f4314ff556dc,1500,cash,2026-06-22 10:53:11.912+00,65584891-c44e-4b9e-b930-75a2d9cf0ea2,,,,,
871b5b60-60f1-4210-b63d-afb2d7e1345e,d389befa-eb54-4248-9683-d9bbc109fcfb,1200,cash,2026-04-03 14:35:30.328+00,65584891-c44e-4b9e-b930-75a2d9cf0ea2,,,,,
881c0870-a529-4e09-b676-6af2701556d5,3cbc6279-7bfb-42fa-b8d5-5d44346f11d6,2250,cash,2026-03-02 10:03:14.56+00,65584891-c44e-4b9e-b930-75a2d9cf0ea2,,,,,
886d982c-5b0b-41e7-a727-58eccd12b819,62434a1b-0461-461b-a378-53c38af5ba05,1850,cash,2026-02-14 13:50:12.851+00,65584891-c44e-4b9e-b930-75a2d9cf0ea2,,,,,
888aa0ca-e19c-4cb5-86cf-3a3383ba054c,e16beef0-f1c0-4f05-b4bd-01dc8506f561,4200,cash,2026-06-24 14:37:26.115783+00,,,,,,
89185745-b5f7-4e49-b76b-40f134cc75c2,443fcf26-babc-4086-9c05-fcc004b9f926,4500,cash,2026-06-24 11:39:12.586038+00,,,,,,
8a4f20a1-0992-403c-bebf-652e17140883,7c584062-600d-426f-b6fb-dfe4f3019af6,2000,cash,2026-02-28 06:25:16.699204+00,,,,,,
8ab1e163-0035-46b0-acf3-7fa0210900ba,37a9d214-5b59-4dc3-8002-cc842a7d59da,1850,cash,2026-03-30 08:56:45.976212+00,,,,,,
8babdffb-a388-4bb2-894a-8a629efc1b1b,73c4746c-db36-44c2-89b1-fef3ed896943,2000,cash,2026-04-13 06:58:37.625651+00,,,,,,
8cc02898-90c1-467d-a534-aec325f39073,2d2cde47-49a7-4c24-b4f7-a8091ff2c599,1850,cash,2026-06-18 12:38:40.146+00,65584891-c44e-4b9e-b930-75a2d9cf0ea2,,,,,
8d3cbca9-6b8c-4c41-b6a1-fe01d801fdb5,05f7acc6-8526-422c-88d8-bb7d94da23c6,1700,cash,2026-03-27 13:41:47.58+00,65584891-c44e-4b9e-b930-75a2d9cf0ea2,,,,,
8dc0a436-0cc0-4f71-89ac-21b0adccac52,6bd1b009-afde-471b-9a0a-5e5e4dc5f72d,3700,cash,2026-03-30 08:25:26.064777+00,,,,,,
8dc3c31e-ef0e-4bf4-8e85-855fb01ca1c1,00c6872a-7934-41ae-8ced-2e44bdf151db,3250,cash,2026-02-11 07:43:24.877906+00,,,,,,
8ddbd526-136b-48a8-b414-e6ea18080873,30f41e72-1c85-459a-b005-1767dfd1203e,2500,cash,2026-06-15 17:45:35.524414+00,,,,,,
8e199b3b-8dc2-469a-ba66-b0068124b86a,a6a22c6b-6bec-44a9-b342-1abf4094591a,3500,cash,2026-01-08 16:07:08.875753+00,,,,,,
8e75a2cd-f918-491b-9ddc-99164bc83840,9be5eead-6777-4870-b0bf-6ed9a569d97f,4000,cash,2026-05-20 14:12:03.326343+00,,,,,,
8ec5bf6d-a879-4b9c-bcab-e1db07220c8e,781de23c-a86c-48d1-bba6-71fe51a72ed6,1850,cash,2026-06-09 13:53:43.171+00,65584891-c44e-4b9e-b930-75a2d9cf0ea2,,,,,
8edd821f-ca9a-4a53-aca2-0c94caace943,52161fcb-317a-41e1-9f97-70261385b36c,2000,cash,2026-02-10 10:40:43.68331+00,,,,,,
8f1e5914-5e55-4f34-a85e-7c7257acab1c,c04c4f89-b82e-4145-a8ed-9fd36e808551,3700,cash,2026-02-07 14:34:19.411666+00,,,,,,
8f3647e2-3696-4761-9931-bd2e63946337,0076ad32-0554-44c2-a97e-d14d4bd1fa58,3700,cash,2026-03-12 08:15:58.476159+00,,,,,,
8f897cdb-18ee-48f8-8945-1567c5a38970,d617c6f0-1cbc-4ab4-afa5-db3e1cf24c62,4900,cash,2026-02-11 11:44:39.134+00,65584891-c44e-4b9e-b930-75a2d9cf0ea2,,,,,
909043c5-4e64-43a9-b705-a2945247d10f,e31fbc9b-3149-4782-acf8-9c291497b650,2000,cash,2026-06-16 15:12:19.661+00,65584891-c44e-4b9e-b930-75a2d9cf0ea2,,,,,
91d6f632-e871-47fa-95bb-f736479297e8,ea0ff900-5c06-4a3d-b41d-cd09463d8235,2500,cash,2026-06-06 12:55:28.06+00,65584891-c44e-4b9e-b930-75a2d9cf0ea2,,,,,
9277f35f-4694-4d23-8af2-dc78513113ca,f2ada1ba-4fd8-4f3d-bb20-c1a513f54c56,4700,cash,2026-02-12 11:34:06.650483+00,,,,,,
927da384-8048-4d52-9d01-8e12faebdfb6,7c584062-600d-426f-b6fb-dfe4f3019af6,1700,cash,2026-03-02 11:31:24.379+00,65584891-c44e-4b9e-b930-75a2d9cf0ea2,,,,,
929c4fbb-9d5a-4780-882f-c9691333b19b,b0c23acf-2622-4fde-81de-793d8e524a7d,1800,cash,2026-05-27 10:26:08.279115+00,,,,,,
92e139bc-f669-489c-996d-51e56935dcc8,13243e03-5e09-4024-a21f-e8ed1233323b,7200,cash,2026-03-26 15:02:23.782046+00,,,,,,
934b0f67-8830-458d-b79e-20c49af62eb5,66378964-5e20-49cf-b146-f5001352ef45,2000,cash,2026-06-24 14:08:56.016403+00,,,,,,
935a9e88-1976-4e86-9dd2-3f147e83e9a4,bb1c9fe9-9aa1-4b6c-9a57-c54576ed3e14,1850,cash,2026-03-30 12:49:56.163+00,65584891-c44e-4b9e-b930-75a2d9cf0ea2,,,,,
94531240-1d3e-4687-839b-1533cbe5f6a5,035a0b87-5e0a-4747-ab10-096701774729,1850,cash,2026-02-12 13:44:32.542+00,65584891-c44e-4b9e-b930-75a2d9cf0ea2,,,,,
95d2b522-799e-41dd-abf3-865c6ddb74e0,23a7aa01-71bf-4ac6-8ad0-885138422b5b,4500,cash,2026-03-15 07:35:33.682+00,65584891-c44e-4b9e-b930-75a2d9cf0ea2,,,,,
9652a5a2-d425-409f-bebc-2d9168d29700,5454e22a-821a-44e9-afa4-07828b06a00b,1850,cash,2026-02-13 11:21:22.869+00,65584891-c44e-4b9e-b930-75a2d9cf0ea2,,,,,
973c21ea-ae5c-4d2c-a197-61e7f54515c9,9122c1d8-94ef-4e6d-af48-41aa9298a366,1850,cash,2026-04-07 18:21:36.599855+00,,,,,,
9741354c-f021-46f1-9b4b-a73268b871fa,05f7acc6-8526-422c-88d8-bb7d94da23c6,2000,cash,2026-03-24 18:29:51.092302+00,,,,,,
976981c1-a08a-439f-b218-64ed477d85d2,3f4990d9-d1bf-4f4d-865c-72c50d27bb10,1750,cash,2026-06-15 13:19:51.458831+00,,,,,,
9843fcff-ea66-49ca-b476-0f1e1cdcce27,8a5e9bf5-9f1f-4230-93bd-1ce79c06f092,4200,cash,2026-05-27 09:42:32.083+00,65584891-c44e-4b9e-b930-75a2d9cf0ea2,,,,,
989641eb-9b5d-4966-a661-440716f0ab2e,bdee4006-4124-4e6e-8217-dd20d8b98700,2300,cash,2026-06-19 11:44:06.947+00,65584891-c44e-4b9e-b930-75a2d9cf0ea2,,,,,
9984ad19-a468-4e6e-a022-66419864bc4e,33b19d16-8b05-494e-9787-66b53b65930e,2000,cash,2026-03-17 14:04:50.958152+00,,,,,,
99dc1d58-187c-4d82-b48f-6fc576e7dbc2,db465ae5-b8f1-4245-9a02-34f41e61153a,2250,cash,2026-04-25 09:55:39.116+00,65584891-c44e-4b9e-b930-75a2d9cf0ea2,,,,,
99f56c58-d5bb-4d4d-85a9-b0247f8ae73a,dd74128e-2bec-4ed6-b749-2807c97cfe2b,11000,cash,2026-06-13 14:33:16.260246+00,,,,,,
9a21ba36-5ca3-44d2-8323-d0b7d3d0b6f0,ae1f8f0c-7d64-473c-afd4-a2d5f031cce2,4200,cash,2026-05-13 09:03:08.302+00,65584891-c44e-4b9e-b930-75a2d9cf0ea2,,,,,
9a975297-fa98-4f5c-9d64-c26c4f7aea12,da0b50a1-679d-4598-9598-0dfcc381f733,1975,cash,2026-03-17 13:46:24.812+00,65584891-c44e-4b9e-b930-75a2d9cf0ea2,,,,,
9a9fcb97-9211-4797-94a3-a98221357cc5,6ea0e5ce-0ecb-49ef-9248-0ab6ba1e5f01,7100,cash,2026-01-28 15:43:06.583652+00,,,,,,
9af404ad-94b8-48be-9737-ca9d7ae33c3d,e7163579-254a-478e-bd48-5670febe6108,4500,cash,2026-04-06 09:51:10.795606+00,,,,,,
9aff438c-12e9-4ffc-b280-1b4eb4172450,6ed7640a-c3a0-432b-856a-ca63feddcc67,2000,cash,2026-02-26 15:29:36.549+00,65584891-c44e-4b9e-b930-75a2d9cf0ea2,,,,,
9b0fe456-9530-4423-9596-870dd8aa6a60,0e3b02c2-94fa-47fd-aa09-2d2f3d52336e,500,cash,2026-04-16 10:55:28.479+00,65584891-c44e-4b9e-b930-75a2d9cf0ea2,,,,,
9bfbeeb4-4a31-467f-8121-9c3d2c974d63,5dd8d2cd-ef81-4494-9caf-05555ba210c0,1700,cash,2026-03-21 09:53:29.832+00,65584891-c44e-4b9e-b930-75a2d9cf0ea2,,,,,
9c0b3391-9d93-42c8-9a9f-9f0c07eebad9,b7705875-6b63-4e62-9151-f1ceef5b92e7,2000,cash,2026-02-21 07:49:20.763665+00,,,,,,
9ca0a0ca-a3fb-4619-a93e-42f3acd651ea,55aacc69-68c7-48d8-a662-f25b0b03ce49,4500,cash,2026-01-24 10:35:41.156+00,65584891-c44e-4b9e-b930-75a2d9cf0ea2,,,,,
9cba91a0-17ad-4c23-8ccf-767983757616,53dbdaee-db5d-41a2-b0f4-f0bcf3be1d83,1800,cash,2026-02-19 14:56:50.883+00,65584891-c44e-4b9e-b930-75a2d9cf0ea2,,,,,
9e633f9c-84d6-45c5-ace8-2d1ce7c8eefa,88f41f16-f715-4575-9f95-dd0685dfd8eb,1850,cash,2026-06-04 16:00:57.124786+00,,,,,,
9e69ab3d-1f51-4a9c-a8c3-7422513acdb8,7c5d3448-fa66-4a5c-bf36-1e6bb02f6816,7700,cash,2026-05-20 13:17:23.477+00,65584891-c44e-4b9e-b930-75a2d9cf0ea2,,,,,
9e9c0848-126f-4137-ada1-4c8c18b67540,6e9a3b25-b507-4ce7-a7b6-90033b854f47,1800,cash,2026-05-04 17:36:55.765876+00,,,,,,
9ebc4ba5-15b4-4f7f-bf09-03799652f154,e33ced74-93d4-4fa4-9a0c-0e95a0412669,5500,cash,2026-03-26 12:38:27.815608+00,,,,,,
9f2bec8a-5776-45e1-aa7f-67eac6c6b744,3e396821-be2d-43f7-8a71-677ce1a442f9,3950,cash,2026-04-07 05:55:59.614712+00,,,,,,
9f8603dd-5ff3-4c49-9228-eb4a4b5c9a38,9647382e-e309-432e-9bb4-d98c089da0ae,4000,cash,2026-02-26 16:39:24.199151+00,,,,,,
9fc39672-bbb8-4549-98cb-b6a0341f03ca,b9d668b9-9762-48a0-9024-78113c559347,1850,cash,2026-04-07 06:02:57.737649+00,,,,,,
a0168b85-343a-4ab4-b36f-02e23d8f8b5d,fa3b636b-038a-42c8-90fe-8e229e8ec0ae,1750,cash,2026-06-22 14:15:08.892+00,65584891-c44e-4b9e-b930-75a2d9cf0ea2,,,,,
a0ac27e0-403c-4aec-938b-312e673eb91b,ae1f8f0c-7d64-473c-afd4-a2d5f031cce2,4200,cash,2026-05-01 11:53:28.803666+00,,,,,,
a142d191-0c64-46a6-ac1c-fb42e6b5f2e5,868c6bd5-126b-496f-9a24-705aae5adc14,4900,cash,2026-06-23 12:56:01.55954+00,,,,,,
a27b0097-5812-4684-ae4c-dc3e99f8c8a2,dba22eed-2047-40d1-80d2-b0a59d6597b8,2500,cash,2026-06-07 16:02:05.73758+00,,,,,,
a2e5f986-ccb3-40e2-8612-4e49d5b1fa88,78868fc0-7111-4df4-aaa8-98e98c830f29,1850,cash,2026-03-24 14:59:46.562306+00,,,,,,
a30414e8-f100-4b53-8afe-359bf166db30,37ba72c1-8280-4b59-9cd9-ba6c9e1eab28,1500,cash,2026-06-04 10:10:24.775+00,65584891-c44e-4b9e-b930-75a2d9cf0ea2,,,,,
a332a6bd-f015-428e-9f49-76a91986f986,b19018d6-fe68-4d0b-bf33-49fe7dbc2a17,1950,cash,2026-03-03 11:06:59.500838+00,,,,,,
a3570724-0221-47dd-8888-e882d86f2fd4,0abaebaf-0c19-4a3b-876e-3c7787bf39c0,2000,cash,2026-03-11 07:37:16.434832+00,,,,,,
a3b59b3d-fcc6-466f-b3a1-3e7ea35b5952,7c46a2dc-ea73-4490-bcb2-1820d12c4a00,3700,cash,2026-05-07 15:40:49.398989+00,,,,,,
a3c78bcc-7f15-4a13-9ef3-0c9d637b2727,f764f45a-6193-4d16-ac5c-2d3a345c37e4,1950,cash,2026-06-07 09:55:48.235+00,65584891-c44e-4b9e-b930-75a2d9cf0ea2,,,,,
a42187c4-33dc-4319-ba26-619ead66cd80,13f238bf-d58d-4fed-981d-2aef763d292b,1850,cash,2026-06-13 14:39:00.938569+00,,,,,,
a44f6089-f221-4d7a-818e-a2598c78627b,ea6fb5b6-aa7e-439e-a17d-ad7354398615,3100,cash,2026-02-25 11:52:04.364+00,65584891-c44e-4b9e-b930-75a2d9cf0ea2,,,,,
a451565a-3915-45bc-ac6e-2fa9d97d0133,fe1afdcf-0fbe-4ce3-9087-05ec214db195,4200,cash,2026-05-30 10:46:35.10478+00,,,,,,
a4be1921-0f5a-47e3-aa95-5ad47927fe75,289382f2-fff3-413d-8709-b19fbbffe488,3500,cash,2026-06-30 15:36:37.725127+00,,,,,,
a58382ea-ff43-4ea6-a205-b11531d7034d,5697b913-2fb0-4559-ba97-430a7c7f56ca,2000,cash,2026-01-30 14:27:51.658932+00,,,,,,
a5b63bb1-f602-4fc4-8ce3-dcd208e17a36,8261b4d3-9c5a-4a02-ac60-55338eebbe92,2000,cash,2026-06-16 09:31:22.772475+00,,,,,,
a69a732b-282a-44ab-825c-363b60d83886,7b0575ca-e267-4e88-8b40-05fd387fdb35,1750,cash,2026-06-27 08:30:15.171+00,65584891-c44e-4b9e-b930-75a2d9cf0ea2,,,,,
a6cb845c-d0d6-41e5-92e3-512004cb8772,fb79ebce-ed8a-41a8-ada9-e12d3076f320,4500,cash,2026-04-11 15:19:52.456383+00,,,,,,
a70d1e0c-26f7-49f4-bd21-02f3d515e2d3,0721cbd0-fb36-4b2e-9c25-3931c8e11c9b,3700,cash,2026-05-16 11:33:43.385181+00,,,,,,
a86a0889-cef9-415b-a7cb-5016a96307b4,1a363481-e9c7-45d2-b673-e806842a6d25,1500,cash,2026-06-13 04:06:52.665+00,65584891-c44e-4b9e-b930-75a2d9cf0ea2,,,,,
a8c22137-82e8-4eed-8270-e2857c0ed745,e480a1aa-6e63-4ec0-9810-3a7b42f40bd5,7800,cash,2026-01-26 10:01:32.049+00,65584891-c44e-4b9e-b930-75a2d9cf0ea2,,,,,
a938d5d8-0c69-4e43-910c-300a38f5c973,286f7ca0-c98b-4946-9ac3-9b29b57f41bf,1850,cash,2026-06-26 11:04:26.562516+00,,,,,,
a9806c05-9cce-40bc-8780-f67fd696d4ed,fd7a3c78-a3b1-473c-99d2-3e6a68cc7b41,4500,cash,2026-03-10 07:54:22.239713+00,,,,,,
a9908b4a-0d29-4fec-9aaa-438f8270c1fa,8d7a8a39-3bbf-46f0-8db8-6399b0419819,3500,cash,2026-04-21 08:29:24.933+00,65584891-c44e-4b9e-b930-75a2d9cf0ea2,,,,,
aa4c2573-ccba-43fb-ba22-362a8249b633,ea3d6785-b3f6-4a28-84a6-f5c8c9cfafee,2250,cash,2026-06-04 12:35:55.716+00,65584891-c44e-4b9e-b930-75a2d9cf0ea2,,,,,
aa822f7d-04b9-48c4-ae23-9af750d9f7ce,fa02ecff-3be5-4f97-875b-3d4cb1c1b818,1850,cash,2026-05-11 14:36:46.334137+00,,,,,,
aa87d211-a12d-4b6a-b84a-58fd420ccd40,dba22eed-2047-40d1-80d2-b0a59d6597b8,1200,cash,2026-06-09 14:21:13.143+00,65584891-c44e-4b9e-b930-75a2d9cf0ea2,,,,,
aaa8dd2f-b987-486a-81ee-289da07ab047,00c6872a-7934-41ae-8ced-2e44bdf151db,3250,cash,2026-02-13 11:41:47.665+00,65584891-c44e-4b9e-b930-75a2d9cf0ea2,,,,,
aaf71cc5-5476-49e6-91ef-8dfbc40319d2,accba925-dd84-42dd-9e95-4d427cfc0ff7,2250,cash,2026-01-30 12:17:34.252962+00,,,,,,
ab2f1379-1518-4d3a-b40e-db72115176aa,a53fa1bf-5d85-4dbb-8d49-e02f709520f5,1850,cash,2026-06-30 15:08:45.600747+00,,,,,,
abe22a8e-a105-4642-8afc-b63d5ff24ed5,5b15bc02-0ac0-435d-9843-0a93b1faa926,3480,cash,2026-04-22 07:23:09.167462+00,,,,,,
ac3e3e10-5238-4617-838c-be33fef2ba22,aece34a9-9104-4573-9f65-985141f19357,2100,cash,2026-03-05 07:11:42.54+00,65584891-c44e-4b9e-b930-75a2d9cf0ea2,,,,,
ac5f0929-1caa-42ec-bd37-24a7eb3c6459,8950f0ae-c2f1-4030-a24a-504aae3a7fb5,2250,cash,2026-04-06 11:05:50.600946+00,,,,,,
ac73b62c-d457-4497-bd04-2e45a4d8dfe7,fe9812d5-312d-4adb-a15e-e538495e782f,2100,cash,2026-03-06 11:24:09.664564+00,,,,,,
acf3d3fc-1731-4e2e-a60c-66355e245a0f,bdee4006-4124-4e6e-8217-dd20d8b98700,1900,cash,2026-06-17 08:41:32.878804+00,,,,,,
ad265316-e5e7-4747-9649-6b91e56a9bff,19781198-57d6-42d0-ac22-3c7ab36b0172,1800,cash,2026-06-19 15:57:59.937+00,65584891-c44e-4b9e-b930-75a2d9cf0ea2,,,,,
ad969a82-e112-49c9-980a-10c5d0db3f2d,dfcc12ab-1920-41a9-89df-7cfa22d9af44,1850,cash,2026-06-18 12:50:00.166+00,65584891-c44e-4b9e-b930-75a2d9cf0ea2,,,,,
adff2beb-5b9d-4f4b-96d9-626606180904,22186ffa-a0c1-42f7-8551-031ef5e36a51,2400,cash,2026-06-09 14:59:07.129+00,65584891-c44e-4b9e-b930-75a2d9cf0ea2,,,,,
ae11d739-a8f5-4be3-943c-ff26e80da296,a3fb828b-7ca8-4d33-b6a7-c1c4b403ec2e,3500,cash,2026-02-18 10:10:55.633813+00,,,,,,
ae6fa66a-5841-4a4e-a1a6-3995b5491eb1,8521ee7e-4b34-4ff3-a4d9-f5f8fd3a874d,1850,cash,2026-06-22 15:43:22.415793+00,,,,,,
ae7c1823-d4d9-418d-99e1-568f7baabcd6,53dbdaee-db5d-41a2-b0f4-f0bcf3be1d83,1700,cash,2026-02-18 16:47:03.6385+00,,,,,,
ae7ed86e-58cc-423f-96cf-615a27295d1b,99259c02-9c66-4ba9-b3ad-d84d18fe8e3f,1700,cash,2026-03-21 12:24:52.273+00,65584891-c44e-4b9e-b930-75a2d9cf0ea2,,,,,
af1ba5ef-86e7-43bb-a040-8016df74e05a,6f830b7b-295e-4e46-bf1c-050eb8d343f3,1750,cash,2026-01-16 10:24:14.765+00,65584891-c44e-4b9e-b930-75a2d9cf0ea2,,,,,
af6a4ad6-af1a-4ecf-a492-8d17a73ec9e4,3482afba-01bc-4a9d-acda-11a75f11148a,1750,cash,2026-03-28 09:06:59.635+00,65584891-c44e-4b9e-b930-75a2d9cf0ea2,,,,,
af9d55b1-9f02-4e27-9c40-34e150b0b580,ea6fb5b6-aa7e-439e-a17d-ad7354398615,3100,cash,2026-02-23 16:16:46.952699+00,,,,,,
afa123bc-7b67-41e8-a520-d4c5c02afddd,5dd8d2cd-ef81-4494-9caf-05555ba210c0,3000,cash,2026-03-14 11:42:23.437237+00,,,,,,
afa18486-69b4-4068-bb5b-7c1ba729ee19,04ac11e0-f980-430f-b891-ef0c764c4c6e,2000,cash,2026-04-07 07:24:15.902738+00,,,,,,
b0d46afc-1606-4c95-9b24-230a19ea5f9c,1f113fa4-caad-4027-b97e-e0538dd372e9,5200,cash,2026-02-28 10:29:30.027083+00,,,,,,
b0e6aad4-63c1-4890-a7bd-3ba2f8b19312,4989e9bb-d092-47a8-9760-37eec9dff252,1850,cash,2026-03-23 10:17:32.751+00,65584891-c44e-4b9e-b930-75a2d9cf0ea2,,,,,
b102fd53-e04b-4682-a12f-2772b1ade353,49da75db-91a6-4ef8-9009-1899e32178f8,3700,cash,2026-02-19 17:14:01.956989+00,,,,,,
b11435c2-ae4c-4697-a4f2-abe24f4b7f41,054e15de-3733-4e03-99b2-a994b362f130,1850,cash,2026-06-03 12:01:15.56+00,65584891-c44e-4b9e-b930-75a2d9cf0ea2,,,,,
b1609af0-636f-49dd-9305-e8c8d852990e,9b99394f-dcb3-478d-965d-8964f9b52fee,2000,cash,2026-04-28 10:32:21.766129+00,,,,,,
b1776530-fa36-4911-93b5-a21888ff1dae,3448b53b-7832-4136-903d-554c40f9267d,1850,cash,2026-04-05 06:20:57.722437+00,,,,,,
b1ed8279-a66e-4899-a069-0db6f01c2cf6,6799485b-6976-4e50-9e5f-54c614b2895a,3950,cash,2026-06-23 07:39:31.93703+00,,,,,,
b35363a6-a0f3-4cc2-bb1b-2b8fe92b9d9b,accba925-dd84-42dd-9e95-4d427cfc0ff7,2250,cash,2026-02-14 11:32:22.483+00,65584891-c44e-4b9e-b930-75a2d9cf0ea2,,,,,
b3961481-026d-4094-a615-a5513363ed6b,9682092d-8b58-47cc-b8e7-9b3a0a2048a6,6050,cash,2026-02-07 13:14:47.121+00,65584891-c44e-4b9e-b930-75a2d9cf0ea2,,,,,
b3e84c0d-f8d3-4368-b97b-e874ceb37304,9f804260-235b-4866-bceb-9e0854b41bfa,1850,cash,2026-04-18 11:36:54.548146+00,,,,,,
b5078a57-d857-4662-b2ee-d34dd5c6430d,4391054d-3169-49ab-b62b-7f75f3f534aa,1850,cash,2026-06-05 06:58:19.493+00,65584891-c44e-4b9e-b930-75a2d9cf0ea2,,,,,
b57e9b92-5a4b-4d0c-a347-af91ac2fc8f4,d58b52d9-9f36-49b2-afdf-6c326413a8e0,3700,cash,2026-03-07 11:48:53.939843+00,,,,,,
b591cb7f-a523-458c-ae3f-5b14c12e8e03,23c08a40-0585-4137-9418-64379817de46,2250,cash,2026-05-16 07:49:58.849+00,65584891-c44e-4b9e-b930-75a2d9cf0ea2,,,,,
b7677c70-689d-4b98-9f4b-e3821f935847,bf43df83-504a-4e4c-a028-92cc2eff10e7,2500,cash,2026-04-04 14:20:36.378+00,65584891-c44e-4b9e-b930-75a2d9cf0ea2,,,,,
b7c2fea5-3ed5-40e2-98ff-4cbd53c25df9,bb1c9fe9-9aa1-4b6c-9a57-c54576ed3e14,1850,cash,2026-03-25 09:48:20.173954+00,,,,,,
b89fa3e8-480e-4b3b-ace0-30613a9c99fa,229ce27a-279c-45e7-acce-e657728c7771,1700,cash,2026-04-06 08:08:36.794+00,65584891-c44e-4b9e-b930-75a2d9cf0ea2,,,,,
ba618adf-427b-4420-8e9d-81d8e9f32079,e31fbc9b-3149-4782-acf8-9c291497b650,2000,cash,2026-06-11 11:59:32.080865+00,,,,,,
ba9b5603-a8d9-4b9a-b427-61fb71831cf3,66378964-5e20-49cf-b146-f5001352ef45,1500,cash,2026-06-29 12:15:10.403+00,65584891-c44e-4b9e-b930-75a2d9cf0ea2,,,,,
babdd543-402b-46d7-8212-b95c12ab3d40,4405f45e-9552-4e65-bb2b-ecee6b36d025,6400,cash,2026-01-10 15:00:22.598214+00,,,,,,
bac18214-483e-40c7-b4cb-ad7dc277c50e,8d7f8b0f-e3e8-47ec-be33-4827e10673db,3500,cash,2026-06-13 13:35:30.277009+00,,,,,,
bad2f9eb-5288-46e9-8386-7ec2b5b2e4d4,0b790c27-d52f-49d5-bac1-b388e6d1eeeb,2700,cash,2026-03-06 14:26:02.30171+00,,,,,,
bb171b54-aa06-4c70-9304-09b1f436ebd7,18b284f3-3738-4f9c-b05c-02a863e1a06a,3700,cash,2026-06-27 10:15:50.274727+00,,,,,,
bb35b2c8-1b8d-472f-84b0-7a1ca54af599,26560755-83c8-4d76-a7e1-c07f7f97e3b9,1850,cash,2026-05-15 14:52:23.752016+00,,,,,,
bba57c65-d7a2-43c4-b31d-bc0aa5b4679d,4d908ed0-f0c3-48c5-b88e-56428ec77fe9,3700,cash,2026-05-23 11:06:37.268204+00,,,,,,
bbc4af4b-1c04-496a-8556-20a2a438ceab,9682092d-8b58-47cc-b8e7-9b3a0a2048a6,6050,cash,2026-02-03 10:16:07.874171+00,,,,,,
bc436b57-a4a3-410e-8f0f-76fa800d2a84,0b790c27-d52f-49d5-bac1-b388e6d1eeeb,2500,cash,2026-03-18 15:32:38.445+00,65584891-c44e-4b9e-b930-75a2d9cf0ea2,,,,,
bc915b78-2af8-400d-b4fb-47a3917f1c1b,aefbd269-d04d-4399-87ea-a8fe803e89dd,2100,cash,2026-06-16 12:19:27.83606+00,,,,,,
bd7beae0-5364-4743-9d99-23c6b2d9e0d5,f1af0790-134b-4fae-be53-44bc1776dad0,2500,cash,2026-06-23 13:58:09.730158+00,,,,,,
bdb10ab7-599f-49f6-960c-6955ac92fc4c,82b93d86-6cb4-4d7b-a7d9-ba7bf284e29d,3125,cash,2026-02-26 11:47:57.682+00,65584891-c44e-4b9e-b930-75a2d9cf0ea2,,,,,
be795f1c-25eb-4e0a-b3fb-1d074882f5c1,e4deadf4-bd02-4a34-a41c-92039c0ba013,3700,cash,2026-06-30 14:30:03.430759+00,,,,,,
bee265cf-11fe-48d7-bfc2-4dca9448b880,9d7f62ce-c8e5-486d-8022-f9f7a402e7e9,2100,cash,2026-06-29 14:40:56.123225+00,,,,,,
bee97a18-a2a0-4b8b-8c36-774778c6556f,c61f3fd4-49c5-499d-b26a-1333637d8c82,3700,cash,2026-03-11 08:53:49.556767+00,,,,,,
bf321367-386f-42dd-b703-ee4392cba4fb,a40235af-9568-4d59-9ead-9cd613a6c9f2,1500,cash,2026-02-09 07:54:19.451996+00,,,,,,
c00a9470-3842-4c42-b102-8f5d4e125399,d38bbc6e-cc01-4c79-8f44-f1febbd767dd,1500,cash,2026-06-23 17:26:26.246937+00,,,,,,
c0169aa5-c8e6-4475-a8df-25fcc34b3864,d934c8a7-42ca-472d-b70b-70631e7bce0f,1750,cash,2026-02-04 14:16:39.098+00,65584891-c44e-4b9e-b930-75a2d9cf0ea2,,,,,
c05bdc7e-46b1-4536-9f99-aa288f075afd,c4100220-789a-4861-bb1a-d7d7ddca83cc,2350,cash,2026-01-19 07:11:04.009177+00,,,,,,
c06045f5-9a77-4ca5-bbb3-48808dbebeae,cf934039-36d0-44cc-a76e-0e76ae15ee04,3000,cash,2026-06-29 14:53:31.40363+00,,,,,,
c0e436bf-1621-4324-b4f5-0c194fb865c2,9604b4e7-c559-47dc-9ec4-0c3224c0586e,1850,cash,2026-06-14 07:47:13.188762+00,,,,,,
c3495763-f52c-4784-b21f-0e98acdd79ab,97daf4f4-7475-46c4-a3eb-a1c13706b4ef,2100,cash,2026-06-03 11:22:59.784+00,65584891-c44e-4b9e-b930-75a2d9cf0ea2,,,,,
c3729c2d-2b41-4796-9239-96053c17fe7e,d4079abd-86f7-4b24-85ff-b71e5b4ed5ad,3500,cash,2026-01-26 09:43:48.216325+00,,,,,,
c461ca7a-a17b-4479-94c2-cb2f8fa42fac,3f02ebe6-f3cd-4341-b825-d392e5abdbe0,3700,cash,2026-04-03 14:36:41.049317+00,,,,,,
c4639de5-d03b-414b-902c-f0d8b58bed66,bb35a857-08f1-41e3-a121-2440680ddd88,2000,cash,2026-03-25 14:31:43.637065+00,,,,,,
c4990292-99e1-4750-87da-34df7da9f28b,58387986-c2f4-48fb-9721-cc90a4936c05,2000,cash,2026-01-30 16:35:55.683845+00,,,,,,
c55cb2e1-0440-43df-8ee2-d4be87d8dd18,61860dd4-8965-4fef-aeb3-2a63dbb15d03,1800,cash,2026-06-09 13:50:21.736+00,65584891-c44e-4b9e-b930-75a2d9cf0ea2,,,,,
c66ec081-a2fc-4e98-a42f-c2d6ffc2ad3f,cc1ff338-f6bd-4a87-8d94-1e131a7ca25e,2500,cash,2026-05-21 16:11:19.888+00,65584891-c44e-4b9e-b930-75a2d9cf0ea2,,,,,
c76031ea-dc48-452a-9ab1-059859d30134,425f4714-ca96-417d-af0f-c98af89abf59,6500,cash,2026-03-02 08:13:52.188535+00,,,,,,
c799cbe0-b5af-4292-a48d-f3b3b0c092e8,4405f45e-9552-4e65-bb2b-ecee6b36d025,2000,cash,2026-01-24 10:50:20.699+00,65584891-c44e-4b9e-b930-75a2d9cf0ea2,,,,,
c80a1527-28b9-4008-a438-3cc14ecb0b12,77c255a0-3976-437b-8615-da325d350b88,1800,cash,2026-04-15 15:35:02.159+00,65584891-c44e-4b9e-b930-75a2d9cf0ea2,,,,,
c8443499-8c18-43bd-811a-62f071a0477d,e7a07563-ffb1-4f9e-8fe8-18b6ee4a5d2d,10000,cash,2026-03-19 14:12:51.448408+00,,,,,,
c898bf09-8799-4ab8-8934-1faede86caa4,82b93d86-6cb4-4d7b-a7d9-ba7bf284e29d,3125,cash,2026-02-23 11:48:48.114176+00,,,,,,
c8dd24a6-8ffc-482d-a913-60282f43b975,fbfffea4-6630-4551-bde1-39d21774d2cb,7450,cash,2026-06-17 15:36:56.15+00,65584891-c44e-4b9e-b930-75a2d9cf0ea2,,,,,
c90df858-f7ef-47f2-93d4-a8d75bac58aa,0d0aa9c4-adc2-4aae-92a0-b3b044e9e02e,3700,cash,2026-06-30 14:34:27.645712+00,,,,,,
c9363e20-5d83-4078-8d90-475faa3f0673,32971693-a74c-4d48-a189-fd079dba1aa6,7750,cash,2026-02-07 14:27:46.066+00,65584891-c44e-4b9e-b930-75a2d9cf0ea2,,,,,
c97c41f7-b4af-458a-97b3-590e5becea33,78406b3d-c539-4ff2-aa63-d645c8484110,4200,cash,2026-04-21 08:55:29.497041+00,,,,,,
ca34ef7c-50e5-49f3-9e63-4b6b099e19b6,0abaebaf-0c19-4a3b-876e-3c7787bf39c0,2500,cash,2026-03-13 16:27:19.65+00,65584891-c44e-4b9e-b930-75a2d9cf0ea2,,,,,
ca3c49ff-6fd5-43a1-b077-35f8d027aeee,7cd6c67b-7f77-4f33-878f-34d083f3d4a0,1750,cash,2026-05-15 08:44:53.715365+00,,,,,,
ca3de24b-5ff2-46af-9f23-bd365cfb2461,9f804260-235b-4866-bceb-9e0854b41bfa,1850,cash,2026-04-28 08:08:45.731+00,65584891-c44e-4b9e-b930-75a2d9cf0ea2,,,,,
ca4bef1c-fb61-4677-a6c9-3ad84b295402,e7384974-4bbf-452f-b639-e440091a1d18,3500,cash,2026-02-27 15:17:42.289519+00,,,,,,
ca745747-4475-4efd-b0b3-d01a658f83db,b78cf955-d66d-42d6-be32-0a267057e913,1850,cash,2026-02-09 12:49:50.501288+00,,,,,,
cac0d9c6-5b53-4e6e-8ed9-5143aedd879e,4989e9bb-d092-47a8-9760-37eec9dff252,1850,cash,2026-03-20 08:27:34.014092+00,,,,,,
cac930f4-1afc-4a3f-8843-4df132bdd44e,e99e4999-929b-48c2-820f-337864586030,7000,cash,2026-04-11 11:48:09.741+00,65584891-c44e-4b9e-b930-75a2d9cf0ea2,,,,,
cb46f10b-6a17-4ba4-8c80-05a347c45a3c,3997f029-23d9-4ab0-8b52-ee512bffe7ac,3700,cash,2026-03-16 13:54:15.114695+00,,,,,,
cc42cda5-0e53-48af-8a6b-957d4ba25e94,bb8fd263-323a-4762-85f2-964a69a3f9fa,1850,cash,2026-05-05 11:14:26.918927+00,,,,,,
cc5e3252-1bd8-417c-9a9c-ca40b03b3111,a28626e1-b94e-4dc2-a840-ba6a2e553b52,1900,cash,2026-02-05 09:33:10.466404+00,,,,,,
cc641374-66c3-403a-b783-1057a0345e3e,804a16a7-1633-4e07-b3c3-7a54b7353ab0,1975,cash,2026-06-29 14:38:31.249738+00,,,,,,
ccb798ec-ee1f-4af7-bcad-31c8db16ee6d,e6e932ee-6cb1-4972-8e9b-8fda8ca1fe10,3700,cash,2026-04-02 12:48:18.458474+00,,,,,,
cce4732f-3e3b-42bc-a586-2f795cc5b6ae,a97db74f-f2ed-46cc-aae9-7b4661cd79cb,3750,cash,2026-03-04 06:45:49.336836+00,,,,,,
cd86fdbb-99f4-4ee2-81f6-6c48089c305f,17f1a5f1-0f0b-4629-82a7-4926ce3440af,7250,cash,2026-03-17 06:45:03.391+00,65584891-c44e-4b9e-b930-75a2d9cf0ea2,,,,,
cdc63663-18ff-4bbb-a2dd-46e8576c3258,ac11b3b2-536a-4fa0-a59c-10245558fa35,5000,cash,2026-05-23 14:31:09.751+00,65584891-c44e-4b9e-b930-75a2d9cf0ea2,,,,,
cdc95ae5-981a-4c6d-ba38-0dba5be73ba0,bb8fd263-323a-4762-85f2-964a69a3f9fa,1850,cash,2026-05-08 11:08:16.386+00,65584891-c44e-4b9e-b930-75a2d9cf0ea2,,,,,
cde775c0-136d-4ca7-935e-6b5e4087ef21,78844f7c-db9e-403d-9167-727a35e4e7c9,1850,cash,2026-02-19 08:07:51.254+00,65584891-c44e-4b9e-b930-75a2d9cf0ea2,,,,,
cec5bb82-71f9-47e7-a32d-c963f9cafcfe,38aa44a8-4682-4980-a838-3b305615dcbf,1900,cash,2026-06-04 08:04:15.383973+00,,,,,,
cf9a9e95-b2f0-46db-ac77-34bea4a21c1a,99259c02-9c66-4ba9-b3ad-d84d18fe8e3f,2000,cash,2026-03-18 12:14:44.136954+00,,,,,,
cfb65f37-4528-418f-b2ee-b7215e302207,2a01f1d7-4a6d-4389-a151-47b2c25403e2,1850,cash,2026-04-18 13:21:00.46+00,65584891-c44e-4b9e-b930-75a2d9cf0ea2,,,,,
d060f68b-672d-4673-a41d-9e77879e0492,8d3f6d93-8b43-45cb-8ee2-261fcda8d7a6,2500,cash,2026-06-09 06:45:52.182287+00,,,,,,
d141ae30-ffea-4e34-a8c7-7a3423ba77d0,9604b4e7-c559-47dc-9ec4-0c3224c0586e,1850,cash,2026-06-18 16:29:53.959+00,65584891-c44e-4b9e-b930-75a2d9cf0ea2,,,,,
d17287dc-e0cf-499b-94c0-fcabaf3a6c02,f30fe4da-ef57-45e4-8cfc-159cc13df92f,3700,cash,2026-02-25 11:45:55.098305+00,,,,,,
d1887d85-3273-4b9a-98b0-2e402f2b0e3d,c02ea85e-e8e1-40a4-b2ab-f8850044d54c,1950,cash,2026-06-05 07:29:32.298+00,65584891-c44e-4b9e-b930-75a2d9cf0ea2,,,,,
d1b446c1-bb9f-446b-8797-145dd9aa9a35,c9867a7f-463c-4172-b188-e7c396d5f791,2200,cash,2026-05-09 13:12:52.224+00,65584891-c44e-4b9e-b930-75a2d9cf0ea2,,,,,
d251f3c3-9721-4862-89c6-57613bf1470e,5706a438-9448-4283-9e93-9d03d3487387,3700,cash,2026-06-08 16:11:53.654468+00,,,,,,
d2756095-b0ac-4313-b1cc-ab03d25b4288,dfcc12ab-1920-41a9-89df-7cfa22d9af44,1850,cash,2026-06-15 14:34:26.551778+00,,,,,,
d2abae72-64f7-47ea-8706-1db0ac2f1d91,ac11b3b2-536a-4fa0-a59c-10245558fa35,10000,cash,2026-05-07 06:31:38.303272+00,,,,,,
d345c85f-4efb-449a-9e87-6afb37847465,79e4949a-2daa-46cb-b4e4-0761605c1be2,1850,cash,2026-05-01 15:27:44.434152+00,,,,,,
d34a9f36-4481-4705-9212-3bbd8e4379b5,bc73605a-df11-49ee-bc70-b23c8a193f00,1850,cash,2026-04-21 11:01:27.236+00,65584891-c44e-4b9e-b930-75a2d9cf0ea2,,,,,
d3c714eb-750e-43e2-94db-89d3dd59c7dc,89b59b57-aa1b-4ee7-9edc-bf580b89b3db,2450,cash,2026-06-30 11:26:07.132+00,65584891-c44e-4b9e-b930-75a2d9cf0ea2,,,,,
d49c2154-ae33-40b1-8af3-ea726a9e7482,2d2cde47-49a7-4c24-b4f7-a8091ff2c599,1850,cash,2026-06-10 10:41:48.406586+00,,,,,,
d535d5b9-317c-440d-8ea9-b0614f51339f,6f830b7b-295e-4e46-bf1c-050eb8d343f3,1750,cash,2026-01-16 10:24:02.315+00,65584891-c44e-4b9e-b930-75a2d9cf0ea2,,,,,
d6c2e910-710f-437b-9bc3-911a1f3d5a7d,d09c6c70-cf9a-4e8a-a26b-0416cb01e121,3500,cash,2026-05-28 15:27:30.125626+00,,,,,,
d6f7a61a-005a-4ec0-a50d-fff706728f8e,5cde6ba5-95c7-4df0-a8e2-56b8ec4d0081,4000,cash,2026-02-25 09:58:35.570789+00,,,,,,
d71c5861-ac05-41c4-8164-77e244312f64,d73d75ff-8345-4c4d-9d2b-3d7e4dba0ae8,4200,cash,2026-02-19 15:00:32.047412+00,,,,,,
d7538a4f-e4a9-4c50-a3d5-93f63f400731,29842f94-1ad9-4bdb-bd71-7299953026a7,3700,cash,2026-05-20 12:46:01.316623+00,,,,,,
d7bc5950-b72f-4525-97cb-0acabc66ce7a,5b487d29-8d17-4973-a4ba-7070366941e3,3700,cash,2026-04-04 11:33:20.472082+00,,,,,,
d7f95dc2-0845-4f08-b614-5cee7594c0d0,ebf91396-e436-46e9-a28d-3b0a7eaa6811,1850,cash,2026-06-08 14:29:12.273479+00,,,,,,
d8c7e2c7-7b48-4c63-a545-a8f50e82b1fb,0298153c-9662-4865-97f3-7baeec6f1a70,4700,cash,2026-06-23 10:38:35.890578+00,,,,,,
d9d011db-98f1-4612-a4f5-81015bdaed63,b6bb2e2b-a9e6-4cef-87f2-318839f642d3,2100,cash,2026-04-27 10:13:45.075+00,65584891-c44e-4b9e-b930-75a2d9cf0ea2,,,,,
da76e595-84ce-46f3-931b-29e8e5d36230,3f4990d9-d1bf-4f4d-865c-72c50d27bb10,1750,cash,2026-06-19 11:12:30.256+00,65584891-c44e-4b9e-b930-75a2d9cf0ea2,,,,,
dafe28c1-a0d3-40ba-b4c9-b5ea7da2bb4c,7b0575ca-e267-4e88-8b40-05fd387fdb35,1750,cash,2026-06-25 06:30:37.060114+00,,,,,,
db3160d5-b480-465c-b665-a74c8cce469f,aefbd269-d04d-4399-87ea-a8fe803e89dd,2100,cash,2026-06-23 14:27:08.691+00,65584891-c44e-4b9e-b930-75a2d9cf0ea2,,,,,
db91dd39-7360-4eec-aee7-bde796a3da48,82df5a29-2b2b-4d88-b3ff-c51eb6bd4f9f,2350,cash,2026-06-03 11:50:50.280943+00,,,,,,
dc453271-c284-457c-9c65-ea77da04996c,10985031-5124-4519-b293-5e38a42f79f3,7200,cash,2026-04-10 16:14:20.063008+00,,,,,,
dcd717a4-bd0b-4594-bb8f-6eb6564fd61f,3fee883f-f1d0-487d-8d23-1abac51bf70d,3700,cash,2026-06-09 12:01:09.449473+00,,,,,,
dcfc43d1-a95b-47f1-99fc-56d1099ebeac,9b99394f-dcb3-478d-965d-8964f9b52fee,2700,cash,2026-05-06 13:30:32.526+00,65584891-c44e-4b9e-b930-75a2d9cf0ea2,,,,,
dd6178e1-6476-4a8c-a493-62235954d51e,79e4949a-2daa-46cb-b4e4-0761605c1be2,1850,cash,2026-05-06 12:22:51.732+00,65584891-c44e-4b9e-b930-75a2d9cf0ea2,,,,,
ddb8c2de-0f11-4677-a847-a0c518554dbb,a9368b86-daef-418c-985b-14b8ef8be401,1750,cash,2026-03-15 08:58:38.312696+00,,,,,,
de2a47ad-84ba-4401-b6d6-e673c2f589a2,f2691492-ea8c-4b55-8319-fe0aa82c09d5,1700,cash,2026-01-30 16:33:34.399+00,65584891-c44e-4b9e-b930-75a2d9cf0ea2,,,,,
de7112cd-f403-411d-a276-2e7360db09ad,adfd2172-08cc-4db6-a736-abac7938d514,2100,cash,2026-06-01 06:21:55.095202+00,,,,,,
de9ea3eb-63c4-4c4f-87eb-5ae6c10f61c6,7f6b6bbc-2106-49d4-9514-326c22273f8c,3500,cash,2026-01-29 09:34:08.435684+00,,,,,,
def79aa0-43e9-4f29-82d3-b62da0d46fc5,da0b50a1-679d-4598-9598-0dfcc381f733,1975,cash,2026-03-11 12:42:42.925091+00,,,,,,
e0bbbdfb-5f27-4f8d-b328-73ab34a7828e,2fb322cd-1418-4839-a3f7-5ae44026781a,1750,cash,2026-06-24 15:43:22.091+00,65584891-c44e-4b9e-b930-75a2d9cf0ea2,,,,,
e0fe5062-5361-45f4-ba61-b6887f5c8603,3bc18eda-fcbf-4f54-a3cd-47d1af2b1e27,1750,cash,2026-06-30 09:38:38.756553+00,,,,,,
e15b8d15-14da-44e4-a081-45cb3e30bab8,81588e07-d811-411c-bd76-e0c0241f5502,4200,cash,2026-06-23 09:50:18.124386+00,,,,,,
e15df238-dd27-412b-83d7-e7cf1b7465e4,2567af9f-3253-4ab1-80c7-cffe58c6653f,2100,cash,2026-02-19 09:55:20.502+00,65584891-c44e-4b9e-b930-75a2d9cf0ea2,,,,,
e1e7ff92-5a5a-4dc8-a910-d690fdc79c78,b0c23acf-2622-4fde-81de-793d8e524a7d,1700,cash,2026-06-02 16:49:26.323+00,65584891-c44e-4b9e-b930-75a2d9cf0ea2,,,,,
e2169c34-675d-4c8e-9cfa-7bc05a33a6a0,691595ad-1436-49da-8d21-fd9468670b75,2000,cash,2026-02-20 07:11:31.083267+00,,,,,,
e2a4460f-8ad6-489e-b483-69fbf51ed719,fec347e8-9ce4-4bca-8e79-e7ee0fcbbb12,2000,cash,2026-06-19 11:06:33.441091+00,,,,,,
e2d8f7b6-7eea-48c3-b74d-e45332accc6f,38aa44a8-4682-4980-a838-3b305615dcbf,1800,cash,2026-06-10 06:50:35.202+00,65584891-c44e-4b9e-b930-75a2d9cf0ea2,,,,,
e3366fe5-14bb-416e-a591-38a70b7df61f,b78cf955-d66d-42d6-be32-0a267057e913,1850,cash,2026-02-17 08:51:27.058+00,65584891-c44e-4b9e-b930-75a2d9cf0ea2,,,,,
e354ff6c-ad55-4c35-8055-83c912910acf,5983e0fc-5714-44d8-b90d-8e3b530e212b,1700,cash,2026-06-29 12:37:29.684+00,65584891-c44e-4b9e-b930-75a2d9cf0ea2,,,,,
e3c10033-8baf-4b8f-b225-9c929e0f342c,4851c661-1070-4925-b930-685d6c80aa20,3500,cash,2026-05-30 09:17:15.433957+00,,,,,,
e43119f5-5df2-4b86-a630-f300f36cb1c4,58387986-c2f4-48fb-9721-cc90a4936c05,1500,cash,2026-02-07 14:37:18.811+00,65584891-c44e-4b9e-b930-75a2d9cf0ea2,,,,,
e48aadc4-be11-45bd-a5ec-c95c487295bb,02801f54-cdac-4bec-b732-13a41ae6ccca,2500,cash,2026-01-27 13:18:42.630331+00,,,,,,
e5822b73-16d5-476e-9847-1dcbe4242f4c,f48a91fd-23bd-4163-8062-710857a88633,1850,cash,2026-05-25 10:36:39.578+00,65584891-c44e-4b9e-b930-75a2d9cf0ea2,,,,,
e6150e36-fdd9-4cef-ad61-4d73841908dc,a1f6cc5a-b6ff-4bc4-9a2a-7c4a0cf14dd0,3000,cash,2026-02-10 12:14:46.170949+00,,,,,,
e61bfb3f-b1cc-4e19-a81d-d14532b35c10,fd1a5bd6-3589-4045-8cb6-a04d0fd404d0,1700,cash,2026-06-08 13:15:49.977+00,65584891-c44e-4b9e-b930-75a2d9cf0ea2,,,,,
e69d8c5b-bd91-4e73-9ccd-f90faa56ab73,353a301d-6989-451a-865f-a075708768ce,2350,cash,2026-03-27 15:05:34.279+00,65584891-c44e-4b9e-b930-75a2d9cf0ea2,,,,,
e6e029de-c08f-4272-8816-e6c953a6dad8,2edc0c90-0ddd-44ec-9bd8-39ed5d739dbd,1500,cash,2026-04-10 11:10:27.247738+00,,,,,,
e7044eed-4d13-4497-9790-c4af5a8340ea,41b0f602-b136-4702-a000-f96a51a77693,2750,cash,2026-01-21 10:12:17.554634+00,,,,,,
e776c250-d4ed-4a6e-b476-6aa6261b6ba0,ea0ff900-5c06-4a3d-b41d-cd09463d8235,2000,cash,2026-05-30 10:25:18.486119+00,,,,,,
e791c1ac-4140-486d-a270-e04008406ec7,c5455c86-d08c-433f-a864-03465bc82262,4500,cash,2026-06-29 16:03:42.881466+00,,,,,,
e85d8f7e-0fc7-4181-b05e-1bc502da89f8,3387c183-ffb3-46b6-a7a3-d03bb748da5c,1850,cash,2026-06-29 14:15:43.384463+00,,,,,,
e89a347c-ae0e-49e5-96cd-b0f63cbc24d2,437b69fd-69ed-4ddb-ad56-4e22e0ee49a4,7000,cash,2026-05-11 11:09:41.367364+00,,,,,,
e904b9ae-c311-4542-b68a-f3b265141713,991ded7f-c47d-457b-977a-75f06f924164,2100,cash,2026-03-26 05:42:18.329+00,65584891-c44e-4b9e-b930-75a2d9cf0ea2,,,,,
e9a4552c-242a-474f-950c-5e97a19b65b0,e480a1aa-6e63-4ec0-9810-3a7b42f40bd5,4100,cash,2026-01-20 11:23:50.97781+00,,,,,,
e9d09cd7-7d8a-4574-be16-93ba59d19e9f,bf43df83-504a-4e4c-a028-92cc2eff10e7,4000,cash,2026-02-25 10:01:44.87581+00,,,,,,
ea10a0c5-bdf3-4953-b67d-970a2d01cc83,691595ad-1436-49da-8d21-fd9468670b75,1700,cash,2026-02-27 08:52:30.468+00,65584891-c44e-4b9e-b930-75a2d9cf0ea2,,,,,
ea1bffd0-40ce-4fb2-a346-7df003e04dcd,d2f81793-c3a4-475d-8c08-331bb0036ebd,5500,cash,2026-02-27 16:15:54.738+00,65584891-c44e-4b9e-b930-75a2d9cf0ea2,,,,,
ea21f76c-295c-41f3-b2bb-0da97bd789b9,37ba72c1-8280-4b59-9cd9-ba6c9e1eab28,2000,cash,2026-06-02 10:48:27.674365+00,,,,,,
eb68f194-ee36-4668-a17d-2378a636692e,70a9b8ef-090e-48a3-926e-ef8f44a597b0,3700,cash,2026-03-07 11:07:03.026476+00,,,,,,
ecdb51ed-779f-4347-b270-406f309231ed,13f238bf-d58d-4fed-981d-2aef763d292b,1850,cash,2026-06-27 14:06:30.021+00,65584891-c44e-4b9e-b930-75a2d9cf0ea2,,,,,
ed2f54f9-afc3-4090-8d9c-c6b84f6e2f9d,da1645e8-ab69-44a3-b80a-380403bed46f,3700,cash,2026-05-28 10:00:58.119574+00,,,,,,
ee1539f4-f6c1-407a-be66-fe36d4d74f51,9da98588-ec9b-4022-9126-eb706555892b,1850,cash,2026-02-11 11:45:05.818+00,65584891-c44e-4b9e-b930-75a2d9cf0ea2,,,,,
ef1c2de6-2a0d-467e-b353-552101706e9b,9f1a3225-c288-46dd-bea8-fc03f9ded09f,3750,cash,2026-06-26 15:49:18.35+00,65584891-c44e-4b9e-b930-75a2d9cf0ea2,,,,,
ef80f301-0b71-48ed-9ca7-25d4014b12fb,17e43ff7-f45d-4b4a-83d5-66f5558b176a,7500,cash,2026-06-22 10:10:07.654821+00,,,,,,
efb47d6b-545b-4dce-9d0f-19902f5c3f4b,08091250-d494-443e-b419-a28e349bdef4,2200,cash,2026-06-02 10:15:55.915+00,65584891-c44e-4b9e-b930-75a2d9cf0ea2,,,,,
f023cff6-c75d-48db-883c-898551de8278,e6cd6425-1b1e-48ad-9ce1-f011b42700b8,1850,cash,2026-05-23 06:23:34.269348+00,,,,,,
f0d21be5-5d21-48a2-bc51-ca77314a3947,6183e2ec-e0bd-4b32-995e-a60d46116da6,1850,cash,2026-04-01 13:48:17.983043+00,,,,,,
f10d5dc6-7c98-4456-afba-508781fdfc81,fd1a5bd6-3589-4045-8cb6-a04d0fd404d0,2000,cash,2026-06-05 17:46:10.314747+00,,,,,,
f198b469-aeda-48b6-92a2-55593bc7802f,311299d8-f229-49e1-8122-ef4d74dbea85,3700,cash,2026-04-10 10:28:35.807466+00,,,,,,
f201c01a-98c3-4358-a6a1-edb91c15280a,f907fe28-822b-4ae6-b536-ca40d46f5eb3,1850,cash,2026-06-13 12:27:03.322135+00,,,,,,
f22667b9-a141-4f04-9482-1615fff9728f,c45bbf5f-b432-4912-af20-d15a24cfcec6,3700,cash,2026-02-02 14:14:06.898808+00,,,,,,
f27fceab-62f3-4ffe-8438-8f094c454e4b,cf92d330-89d8-4ea4-9b9d-222a91f522cc,4000,cash,2026-03-13 12:12:05.837151+00,,,,,,
f2d38c70-83a7-42f2-bdd2-7fd0915b274a,6f830b7b-295e-4e46-bf1c-050eb8d343f3,1750,cash,2026-01-13 18:03:06.013754+00,,,,65584891-c44e-4b9e-b930-75a2d9cf0ea2,2026-02-26 10:37:19.363+00,
f324a010-0855-468e-86d1-035fbd39818a,0626eac1-6293-4418-bafc-41a8daeffa3c,4200,cash,2026-06-17 11:00:41.316681+00,,,,,,
f4431fe4-3df4-4d1b-b058-0b45e1eaf672,7b83db63-5fbc-4d0e-9c4c-718a38a89ff8,1200,cash,2026-06-17 12:09:26.782+00,65584891-c44e-4b9e-b930-75a2d9cf0ea2,,,,,
f5376a8b-c264-45f9-970a-c5e35c1d1df7,12819aa5-d08a-42ac-bf04-89bb07d2b9ed,3700,cash,2026-03-13 14:40:05.738541+00,,,,,,
f53b2c26-3c12-4a0a-95f6-8b17ac3790b1,55e127ad-33e3-4e8b-a119-f3a0db1c5fd4,1850,cash,2026-05-16 07:48:50.732+00,65584891-c44e-4b9e-b930-75a2d9cf0ea2,,,,,
f5c2132f-f514-4d4d-9c76-ae9df75fd612,528677f0-99bd-4ff0-b7dd-df2d6b7b6188,2100,cash,2026-04-11 12:41:07.163504+00,,,,,,
f6755834-8ff6-4668-8de1-b13c252c605d,aece34a9-9104-4573-9f65-985141f19357,2100,cash,2026-03-03 14:27:28.009372+00,,,,,,
f6c028e9-eb13-4842-8cb1-819aaff494bc,8544e6c6-ba3f-4da3-94a0-9e0dc55eae34,3000,cash,2026-03-17 15:11:28.310285+00,,,,,,
f7683fc5-59e5-4271-bae6-f2ca37c7d094,bb35a857-08f1-41e3-a121-2440680ddd88,2500,cash,2026-03-30 12:28:34.015+00,65584891-c44e-4b9e-b930-75a2d9cf0ea2,,,,,
f77599e0-4ddf-4aba-a051-4d09350a3fa1,1a363481-e9c7-45d2-b673-e806842a6d25,2000,cash,2026-06-12 14:08:43.079793+00,,,,,,
f7918606-6a58-4019-8197-1879f8f5f12b,b19018d6-fe68-4d0b-bf33-49fe7dbc2a17,1950,cash,2026-03-06 11:05:28.871+00,65584891-c44e-4b9e-b930-75a2d9cf0ea2,,,,,
f86e1aa9-f2bd-4479-ae2b-f4995dd5d02c,41ad28d3-28e0-4d62-832e-d8fffdb4a847,1750,cash,2026-06-22 11:10:15.975+00,65584891-c44e-4b9e-b930-75a2d9cf0ea2,,,,,
f9ed5a4e-ab37-4cd7-baba-1f549108fbb3,23c08a40-0585-4137-9418-64379817de46,2250,cash,2026-05-12 11:20:27.011588+00,,,,,,
fa047709-8786-490c-a83d-24ea2cec3623,d8abce89-d595-4c52-b92a-6dfaf9cf407d,3700,cash,2026-04-24 15:55:21.411692+00,,,,,,
fa6e7451-759f-452a-8498-80bd2db0ed99,2fb322cd-1418-4839-a3f7-5ae44026781a,1750,cash,2026-06-22 15:40:37.11785+00,,,,,,
fc7bd5de-c7bc-44f3-bb0c-c3ca95e7073f,f26883c1-d830-4871-ab5b-d1b5a8fff409,2100,cash,2026-06-01 08:23:02.682969+00,,,,,,
fca7545a-1021-47fd-85cb-11a1e7f8146c,d3773cfd-58b3-46ce-b3ef-813c2043608e,3700,cash,2026-06-30 13:42:14.919719+00,,,,,,
fcc54bb4-d381-4ca7-9765-ae8707da5d17,a28626e1-b94e-4dc2-a840-ba6a2e553b52,2050,cash,2026-02-09 13:46:11.189+00,65584891-c44e-4b9e-b930-75a2d9cf0ea2,,,,,
fd5507b4-be04-45ca-9aaf-649beca45006,57d1fa50-51df-4c56-af97-fe657f6db46a,4500,cash,2026-04-13 14:07:47.260198+00,,,,,,
fe3d4ff2-d73b-4fea-bc95-053c161ae806,9907dec6-d185-4f60-a32e-04f8f99383cc,3000,cash,2026-06-30 11:16:06.891141+00,,,,,,
ffe07269-4aee-4649-a2da-36180283eb00,b47e1c5e-ded4-482e-8068-fe426bd62aad,4500,cash,2026-06-02 13:47:34.838691+00,,,,,,